patient_id,pair_id,target,source,reference,candidate,retained
12-153,12-153::Baseline->Follow Up 1,"[0.1524486571879937,0.174565560821485,0.3467614533965245,0.0284360189573459,0.1729857819905213,0.0513428120063191,0.0221169036334913,0.0063191153238546,0.0450236966824644]","[0.26827430293896,0.2633760361718161,0.2177844762622456,0.0,0.0972117558402411,0.068575734740015,0.0523737754333082,0.0267520723436322,0.0056518462697814]","[0.2694768940775931,0.2618507107124685,0.20613986318784638,0.0,0.0928134615054965,0.06873612971991494,0.0635567918823284,0.030092632380528502,0.007333516533823531]","[0.264496530876072,0.21547293257482464,0.1904580054930409,0.0019059902991809766,0.10352693665213937,0.08161837586815865,0.09874641786139522,0.029705118779076615,0.01406969159611176]","[0.2694768940775931,0.2618507107124685,0.20613986318784638,0.0,0.0928134615054965,0.06873612971991494,0.0635567918823284,0.030092632380528502,0.007333516533823531]"
12-153,12-153::Follow Up 1->Follow Up 2,"[0.2530949105914718,0.3493810178817056,0.155433287482806,0.0,0.0811554332874828,0.0453920220082531,0.061898211829436,0.0316368638239339,0.0220082530949105]","[0.1524486571879937,0.174565560821485,0.3467614533965245,0.0284360189573459,0.1729857819905213,0.0513428120063191,0.0221169036334913,0.0063191153238546,0.0450236966824644]","[0.15418805671474478,0.17356185209824473,0.33552747889677376,0.02644398030796386,0.1687723756582786,0.051640132013230026,0.033426527668371814,0.00971962104751455,0.0467199755948778]","[0.1573166408595635,0.14667336419085367,0.3068237770580444,0.023099171932098768,0.17391258093941542,0.0691928178058585,0.06487714147555676,0.013672108559206921,0.04443239717940212]","[0.15418805671474478,0.17356185209824473,0.33552747889677376,0.02644398030796386,0.1687723756582786,0.051640132013230026,0.033426527668371814,0.00971962104751455,0.0467199755948778]"
12-153,12-153::Follow Up 2->Follow Up 3,"[0.2459546925566343,0.3277854831252889,0.1345353675450762,0.0009246417013407,0.0721220527045769,0.0587147480351363,0.0993989828941285,0.0314378178455848,0.029126213592233]","[0.2530949105914718,0.3493810178817056,0.155433287482806,0.0,0.0811554332874828,0.0453920220082531,0.061898211829436,0.0316368638239339,0.0220082530949105]","[0.2543276795509498,0.34768470778276306,0.1439126334550784,0.0,0.07678906017951277,0.045598508024824416,0.0730622929529418,0.03496771251278791,0.023657405541141836]","[0.2498649725549874,0.27624087553922944,0.13093349378070787,0.0,0.08997160846602845,0.07400392028451659,0.12465596694174344,0.030928004033972327,0.02340115839881443]","[0.2543276795509498,0.34768470778276306,0.1439126334550784,0.0,0.07678906017951277,0.045598508024824416,0.0730622929529418,0.03496771251278791,0.023657405541141836]"
12-153,12-153::Follow Up 3->Follow Up 4,"[0.175531914893617,0.3027079303675048,0.1247582205029013,0.0009671179883945,0.1102514506769826,0.0739845261121856,0.155705996131528,0.0319148936170212,0.0241779497098646]","[0.2459546925566343,0.3277854831252889,0.1345353675450762,0.0009246417013407,0.0721220527045769,0.0587147480351363,0.0993989828941285,0.0314378178455848,0.029126213592233]","[0.24742998607139896,0.3264333404507127,0.12316992184665589,0.0,0.06783623817873562,0.058949145903620076,0.11059056289968777,0.03480117689923428,0.030789627749954772]","[0.24348756966967863,0.2604063971950981,0.11552305159502767,0.0,0.08286728054977612,0.08653449503875181,0.15335376722147098,0.02918144436651009,0.028645994363686738]","[0.24742998607139896,0.3264333404507127,0.12316992184665589,0.0,0.06783623817873562,0.058949145903620076,0.11059056289968777,0.03480117689923428,0.030789627749954772]"
12-153,12-153::Follow Up 4->Follow Up 5,"[0.1592872570194384,0.2521598272138228,0.0880129589632829,0.0016198704103671,0.0685745140388768,0.1258099352051835,0.2402807775377969,0.0469762419006479,0.0172786177105831]","[0.175531914893617,0.3027079303675048,0.1247582205029013,0.0009671179883945,0.1102514506769826,0.0739845261121856,0.155705996131528,0.0319148936170212,0.0241779497098646]","[0.17708981141379973,0.30139531535842895,0.11340801178874678,0.0,0.10592947503716675,0.0742057910706633,0.16684461767058342,0.03527924091776059,0.025847736742850482]","[0.17829233128088176,0.24138524103387582,0.10663686556694313,0.00021687085223664682,0.116640998989686,0.10760185022347708,0.19523534715401758,0.027403469349922598,0.026587025548959198]","[0.17708981141379973,0.30139531535842895,0.11340801178874678,0.0,0.10592947503716675,0.0742057910706633,0.16684461767058342,0.03527924091776059,0.025847736742850482]"
12-211,12-211::Follow Up 1->Follow Up 3,"[0.3333333333333333,0.0607407407407407,0.2562962962962963,0.0,0.0681481481481481,0.0518518518518518,0.1703703703703703,0.0488888888888888,0.0103703703703703]","[0.26,0.052,0.288,0.044,0.124,0.176,0.016,0.012,0.028]","[0.26,0.052,0.288,0.044,0.124,0.176,0.016,0.012,0.028]","[0.23339545776565282,0.05594684628905746,0.2490020732535833,0.03587815849601625,0.12470116697428638,0.200872725767524,0.04592638554862773,0.02951780285454128,0.02475938305071083]","[0.26,0.052,0.288,0.044,0.124,0.176,0.016,0.012,0.028]"
12-267,12-267::Baseline->Follow Up 2,"[0.1037567084078712,0.1050983899821109,0.1435599284436493,0.0,0.1283542039355993,0.0983899821109123,0.3573345259391771,0.0460644007155635,0.0174418604651162]","[0.1116071428571428,0.0803571428571428,0.1428571428571428,0.0,0.0803571428571428,0.1041666666666666,0.4122023809523809,0.0595238095238095,0.0089285714285714]","[0.11205515562073709,0.07885765398884165,0.13059134587143045,0.0,0.07575729568765,0.10453128821304243,0.42464213550026303,0.06311041258997077,0.01045471252806452]","[0.11786233223029594,0.07810072151968568,0.14167624079185476,0.006579771941387026,0.09330469275797745,0.16410411820315385,0.3481870490707521,0.03758646690412461,0.012598606580768577]","[0.11205515562073709,0.07885765398884165,0.13059134587143045,0.0,0.07575729568765,0.10453128821304243,0.42464213550026303,0.06311041258997077,0.01045471252806452]"
12-267,12-267::Follow Up 2->Follow Up 3,"[0.1166399143927233,0.1102193686463349,0.1332263242375602,0.0016051364365971,0.0909577314071696,0.1305510968432316,0.3493846976993044,0.0353130016051364,0.0321027287319422]","[0.1037567084078712,0.1050983899821109,0.1435599284436493,0.0,0.1283542039355993,0.0983899821109123,0.3573345259391771,0.0460644007155635,0.0174418604651162]","[0.10421990640962132,0.10355104366944876,0.13129277204699316,0.0,0.12366151517778835,0.0987657776033031,0.36988041237706604,0.04967703856101131,0.018951534154767868]","[0.10987300711999883,0.10120400852576449,0.14486050382709245,0.010480840976617726,0.14311595007591585,0.13625158863653858,0.2985086602426658,0.027981341664633837,0.027724098930772597]","[0.10421990640962132,0.10355104366944876,0.13129277204699316,0.0,0.12366151517778835,0.0987657776033031,0.36988041237706604,0.04967703856101131,0.018951534154767868]"
13-344,13-344::Baseline->Follow Up 1,"[0.1061093247588424,0.0514469453376205,0.2210610932475884,0.0498392282958199,0.272508038585209,0.1053054662379421,0.0546623794212218,0.1197749196141479,0.0192926045016077]","[0.1540342298288508,0.0617359413202934,0.2176039119804401,0.0006112469437652,0.1491442542787286,0.1528117359413203,0.0984107579462102,0.1577017114914425,0.0079462102689486]","[0.15456201083160198,0.06036964040509638,0.2052327378527218,0.0,0.14419617241977803,0.15393465630589726,0.1111232030181452,0.1609730215493134,0.009608557617446094]","[0.1584570550946031,0.06208995905484593,0.19486078148995206,0.007859295095117616,0.1450016719790236,0.14388662934214222,0.11014938909741052,0.15973877150489232,0.017956447342012762]","[0.15456201083160198,0.06036964040509638,0.2052327378527218,0.0,0.14419617241977803,0.15393465630589726,0.1111232030181452,0.1609730215493134,0.009608557617446094]"
13-344,13-344::Follow Up 1->Follow Up 2,"[0.0906684315023163,0.0469887491727332,0.1939113170086035,0.0622104566512243,0.3196558570483124,0.1072137657180675,0.0390469887491727,0.1178027796161482,0.0225016545334215]","[0.1061093247588424,0.0514469453376205,0.2210610932475884,0.0498392282958199,0.272508038585209,0.1053054662379421,0.0546623794212218,0.1197749196141479,0.0192926045016077]","[0.10684262954819056,0.050160918980348794,0.20896282065104332,0.047898264007597176,0.26775169687772943,0.10663307618492206,0.06752258694358167,0.1232602782907626,0.020967728515824333]","[0.11542058484179568,0.05691805887267711,0.1976873263052054,0.03723466692150227,0.25014861802066596,0.11234555758030901,0.07486104824520713,0.12680749515350934,0.028576644059127868]","[0.10684262954819056,0.050160918980348794,0.20896282065104332,0.047898264007597176,0.26775169687772943,0.10663307618492206,0.06752258694358167,0.1232602782907626,0.020967728515824333]"
13-344,13-344::Follow Up 2->Follow Up 3,"[0.1522388059701492,0.0835820895522388,0.2053731343283582,0.0005970149253731,0.1886567164179104,0.0961194029850746,0.0931343283582089,0.1617910447761194,0.0185074626865671]","[0.0906684315023163,0.0469887491727332,0.1939113170086035,0.0622104566512243,0.3196558570483124,0.1072137657180675,0.0390469887491727,0.1178027796161482,0.0225016545334215]","[0.09140173629166447,0.0457027228154615,0.18181304441205845,0.06026949236300159,0.31489951534083294,0.10854137566504747,0.051907196271532584,0.12128813829276291,0.02417677854763814]","[0.10199179687730273,0.053164359343177994,0.17263125458571482,0.044179942234221024,0.28808807437748885,0.11617429659318934,0.06540807143501493,0.12701319162411273,0.03134901292977753]","[0.09140173629166447,0.0457027228154615,0.18181304441205845,0.06026949236300159,0.31489951534083294,0.10854137566504747,0.051907196271532584,0.12128813829276291,0.02417677854763814]"
13-348,13-348::Baseline->Follow Up 1,"[0.3439185140802876,0.0617136009586578,0.2600359496704613,0.0,0.1042540443379269,0.0707010185739964,0.0736968244457759,0.0760934691431995,0.0095865787896944]","[0.2182266009852216,0.0487684729064039,0.2655172413793103,0.0009852216748768,0.1866995073891625,0.1133004926108374,0.0788177339901477,0.0778325123152709,0.0098522167487684]","[0.21877883447112606,0.04765750145741994,0.2526985196123095,0.0,0.18218030132025798,0.1135767501243162,0.09201705764827378,0.08144949067584696,0.011641544690449588]","[0.22158769781970408,0.0566115710585696,0.23984884497605902,0.008177626968493355,0.17841513163393305,0.10106479017069346,0.08747750310322865,0.08374116230755828,0.023075671961760677]","[0.21877883447112606,0.04765750145741994,0.2526985196123095,0.0,0.18218030132025798,0.1135767501243162,0.09201705764827378,0.08144949067584696,0.011641544690449588]"
13-348,13-348::Follow Up 1->Follow Up 2,"[0.2876179900055525,0.0483064963908939,0.2648528595224875,0.0011104941699056,0.1332593003886729,0.1032759578012215,0.0816213214880621,0.0705163797890061,0.0094392004441976]","[0.3439185140802876,0.0617136009586578,0.2600359496704613,0.0,0.1042540443379269,0.0707010185739964,0.0736968244457759,0.0760934691431995,0.0095865787896944]","[0.3440107272396173,0.06053054585985501,0.24697942851625695,0.0,0.09971633445213142,0.0709485954655921,0.08681564497645797,0.07963374635237407,0.011364977137715152]","[0.33794070621072364,0.06972528200738579,0.24323098941544546,0.007157162754400478,0.11039731667304808,0.05359513544308849,0.07616133581106321,0.07911847909813326,0.022673592586711568]","[0.3440107272396173,0.06053054585985501,0.24697942851625695,0.0,0.09971633445213142,0.0709485954655921,0.08681564497645797,0.07963374635237407,0.011364977137715152]"
13-348,13-348::Follow Up 2->Follow Up 3,"[0.213078618662748,0.0462894930198383,0.3056576047024247,0.0022042615723732,0.1807494489346069,0.1601763409257898,0.026451138868479,0.0587803085966201,0.0066127847171197]","[0.2876179900055525,0.0483064963908939,0.2648528595224875,0.0011104941699056,0.1332593003886729,0.1032759578012215,0.0816213214880621,0.0705163797890061,0.0094392004441976]","[0.2881392510698599,0.047201878605432394,0.2520663260352813,0.0,0.12880783912437005,0.10357486176377598,0.09482980491473698,0.07414970562585113,0.011230332860692345]","[0.2857936310011736,0.0573219414330048,0.24383807755805814,0.008393185330975942,0.13427355576684602,0.08577617087728678,0.08637265355940363,0.07554050889657346,0.022690275576677615]","[0.2881392510698599,0.047201878605432394,0.2520663260352813,0.0,0.12880783912437005,0.10357486176377598,0.09482980491473698,0.07414970562585113,0.011230332860692345]"
13-349,13-349::Baseline->Follow Up 1,"[0.2790322580645161,0.0532258064516129,0.1306451612903225,0.0016129032258064,0.0419354838709677,0.0516129032258064,0.2225806451612903,0.2064516129032258,0.0129032258064516]","[0.2879256965944272,0.0340557275541795,0.1547987616099071,0.0,0.0154798761609907,0.1207430340557275,0.2167182662538699,0.1671826625386996,0.0030959752321981]","[0.2863525922787059,0.03238858451031903,0.14197768448616296,0.0,0.010492869885649821,0.1219642163253934,0.23042065628009928,0.17160784155507167,0.004795554678597829]","[0.2718603735660004,0.03925982428694107,0.15981377048477974,0.01079609765581332,0.045177759636357874,0.11396358380485477,0.18550274368039857,0.15900385182821317,0.014621995056641064]","[0.2863525922787059,0.03238858451031903,0.14197768448616296,0.0,0.010492869885649821,0.1219642163253934,0.23042065628009928,0.17160784155507167,0.004795554678597829]"
13-349,13-349::Follow Up 1->Follow Up 2,"[0.2657657657657657,0.0855855855855855,0.1621621621621621,0.0,0.0653153153153153,0.1036036036036036,0.1554054054054054,0.1103603603603603,0.0518018018018018]","[0.2790322580645161,0.0532258064516129,0.1306451612903225,0.0016129032258064,0.0419354838709677,0.0516129032258064,0.2225806451612903,0.2064516129032258,0.0129032258064516]","[0.2779237790245668,0.051604596548657934,0.11806092968226632,0.0,0.03695671639776597,0.05305341783899577,0.23665263613108947,0.21114060448578106,0.01460731989087659]","[0.2648635595889531,0.05624754238618487,0.1411443230414611,0.008421018308237722,0.06943561850367563,0.05961566233445936,0.18563714261900405,0.19293612192223558,0.021699011295788696]","[0.2779237790245668,0.051604596548657934,0.11806092968226632,0.0,0.03695671639776597,0.05305341783899577,0.23665263613108947,0.21114060448578106,0.01460731989087659]"
13-349,13-349::Follow Up 2->Follow Up 3,"[0.4786931818181819,0.0909090909090909,0.1917613636363636,0.0,0.078125,0.049715909090909,0.0696022727272727,0.03125,0.0099431818181818]","[0.2657657657657657,0.0855855855855855,0.1621621621621621,0.0,0.0653153153153153,0.1036036036036036,0.1554054054054054,0.1103603603603603,0.0518018018018018]","[0.2642355926180897,0.08381861204082695,0.14932681967861441,0.0,0.060231761192894785,0.10485799065963047,0.16922657886795375,0.11489562310498928,0.05340702183700085]","[0.25679223238407184,0.08182972219566949,0.16023888398275424,0.0055241468436414915,0.0798782331040254,0.10142368620836029,0.15793565080127367,0.10818556748683363,0.0481918769933698]","[0.2642355926180897,0.08381861204082695,0.14932681967861441,0.0,0.060231761192894785,0.10485799065963047,0.16922657886795375,0.11489562310498928,0.05340702183700085]"
13-447,13-447::Baseline->Follow Up 1,"[0.1588999236058059,0.0733384262796027,0.1711229946524064,0.0,0.0863254392666157,0.1596638655462184,0.0932009167303285,0.2513368983957219,0.0061115355233002]","[0.1731266149870801,0.0510335917312661,0.1834625322997416,0.0012919896640826,0.1001291989664082,0.1595607235142118,0.0781653746770025,0.2454780361757106,0.0077519379844961]","[0.1731266149870801,0.0510335917312661,0.1834625322997416,0.0012919896640826,0.1001291989664082,0.1595607235142118,0.0781653746770025,0.2454780361757106,0.0077519379844961]","[0.17462696424611399,0.04920970814928676,0.16794359254302726,0.010411584224562207,0.11106541469680452,0.14163483703721827,0.0893230519375602,0.23930384204048957,0.016481005124937245]","[0.1731266149870801,0.0510335917312661,0.1834625322997416,0.0012919896640826,0.1001291989664082,0.1595607235142118,0.0781653746770025,0.2454780361757106,0.0077519379844961]"
13-447,13-447::Follow Up 1->Follow Up 2,"[0.1342812006319115,0.0576619273301737,0.1248025276461295,0.0007898894154818,0.0742496050552922,0.1421800947867298,0.1382306477093207,0.3135860979462875,0.0142180094786729]","[0.1588999236058059,0.0733384262796027,0.1711229946524064,0.0,0.0863254392666157,0.1596638655462184,0.0932009167303285,0.2513368983957219,0.0061115355233002]","[0.1588999236058059,0.0733384262796027,0.1711229946524064,0.0,0.0863254392666157,0.1596638655462184,0.0932009167303285,0.2513368983957219,0.0061115355233002]","[0.15965876110629623,0.06740222215316674,0.15596131340510827,0.010249177672255022,0.10003379689451836,0.14502297273857817,0.10370762024804744,0.24321917255537553,0.014744963226654174]","[0.1588999236058059,0.0733384262796027,0.1711229946524064,0.0,0.0863254392666157,0.1596638655462184,0.0932009167303285,0.2513368983957219,0.0061115355233002]"
13-471,13-471::Follow Up 1->Follow Up 2,"[0.0682182985553772,0.0834670947030497,0.102728731942215,0.0008025682182985,0.1284109149277688,0.2263242375601926,0.3009630818619582,0.0722311396468699,0.0168539325842696]","[0.057528409090909,0.0980113636363636,0.1228693181818181,0.0014204545454545,0.1036931818181818,0.2017045454545454,0.3153409090909091,0.073153409090909,0.026278409090909]","[0.05810922398837231,0.09702659908478267,0.11100437630726481,0.0,0.09910625399850981,0.20218530592630382,0.32789519203957873,0.07658447990144557,0.028088568753742264]","[0.06427620813200983,0.09226470344888624,0.11754482952237458,0.012144430374511189,0.11320336115367292,0.21102226207729513,0.29260243201636327,0.06415046361789697,0.03279130965698993]","[0.05810922398837231,0.09702659908478267,0.11100437630726481,0.0,0.09910625399850981,0.20218530592630382,0.32789519203957873,0.07658447990144557,0.028088568753742264]"
13-508,13-508::Follow Up 1->Follow Up 3,"[0.0603674540682414,0.0223097112860892,0.0708661417322834,0.0,0.0787401574803149,0.3884514435695538,0.3097112860892389,0.0629921259842519,0.0065616797900262]","[0.0604099244875943,0.0316432937792161,0.0791082344480402,0.0007191657677094,0.1082344480402732,0.2099964041711614,0.3919453434016541,0.0708378281193815,0.0471053577849694]","[0.06104240160092548,0.03062246226836931,0.06711114136025964,0.0,0.10405629843015303,0.20895403448741373,0.404785037895017,0.0742797981812816,0.04914882577658009]","[0.07882537662383993,0.03995950006481017,0.08355939481511762,0.004907376036355913,0.11794852679820082,0.19474132808902617,0.3776918020927873,0.057522798128090316,0.04484389735177177]","[0.06104240160092548,0.03062246226836931,0.06711114136025964,0.0,0.10405629843015303,0.20895403448741373,0.404785037895017,0.0742797981812816,0.04914882577658009]"
13-588,13-588::Baseline->Follow Up 1,"[0.1619433198380566,0.0825910931174089,0.1481781376518218,0.0,0.0566801619433198,0.0793522267206477,0.1595141700404858,0.3020242914979757,0.0097165991902834]","[0.179902755267423,0.0648298217179902,0.2844408427876823,0.0145867098865478,0.1766612641815235,0.1734197730956239,0.0210696920583468,0.0777957860615883,0.0072933549432739]","[0.1808141726031502,0.06388296770567166,0.27209329553608474,0.011899559855101934,0.17197514087721802,0.17442807979926847,0.034128327209613236,0.08167953728268405,0.009098919131207691]","[0.18351371477626552,0.06649549555302071,0.25176790953582695,0.016259604549100113,0.16812567466362988,0.15458484345060539,0.05207832136254363,0.08911453949257929,0.018059896616428577]","[0.1808141726031502,0.06388296770567166,0.27209329553608474,0.011899559855101934,0.17197514087721802,0.17442807979926847,0.034128327209613236,0.08167953728268405,0.009098919131207691]"
13-588,13-588::Follow Up 1->Follow Up 2,"[0.1776088458880442,0.0573600552868002,0.2460262612301312,0.0946786454733932,0.1776088458880442,0.1112646855563234,0.0559778852798894,0.0628887353144436,0.0165860400829301]","[0.1619433198380566,0.0825910931174089,0.1481781376518218,0.0,0.0566801619433198,0.0793522267206477,0.1595141700404858,0.3020242914979757,0.0097165991902834]","[0.16241829484767648,0.08142543674019345,0.1354665713986305,0.0,0.051854697287567385,0.08014517132464699,0.172110318942793,0.3050882248859754,0.011491284572516797]","[0.1582118999837565,0.07866360958292158,0.138759987684075,0.004827308226042167,0.07673392431486008,0.08455375186389827,0.1484501363282266,0.29242689656016874,0.017372485456051134]","[0.16241829484767648,0.08142543674019345,0.1354665713986305,0.0,0.051854697287567385,0.08014517132464699,0.172110318942793,0.3050882248859754,0.011491284572516797]"
13-588,13-588::Follow Up 2->Follow Up 3,"[0.1485411140583554,0.053050397877984,0.2427055702917772,0.1293103448275862,0.143236074270557,0.1372679045092838,0.0669761273209549,0.0689655172413793,0.009946949602122]","[0.1776088458880442,0.0573600552868002,0.2460262612301312,0.0946786454733932,0.1776088458880442,0.1112646855563234,0.0559778852798894,0.0628887353144436,0.0165860400829301]","[0.17852026322377146,0.05641320127448167,0.23367871397853368,0.09199149544194739,0.17292272258373875,0.11227299225996798,0.06903652043115587,0.06677248653553937,0.018391604270863896]","[0.17446933443924834,0.06499688054529526,0.22687331556665347,0.06762860947640167,0.17972211017738493,0.11486068164195166,0.0741075437881896,0.07135084803918953,0.02599067632568553]","[0.17852026322377146,0.05641320127448167,0.23367871397853368,0.09199149544194739,0.17292272258373875,0.11227299225996798,0.06903652043115587,0.06677248653553937,0.018391604270863896]"
13-588,13-588::Follow Up 3->Follow Up 4,"[0.1605222734254992,0.0745007680491551,0.2311827956989247,0.1052227342549923,0.0898617511520737,0.1459293394777265,0.0944700460829493,0.0821812596006144,0.0161290322580645]","[0.1485411140583554,0.053050397877984,0.2427055702917772,0.1293103448275862,0.143236074270557,0.1372679045092838,0.0669761273209549,0.0689655172413793,0.009946949602122]","[0.14945253139408257,0.052103543865665444,0.2303580230401796,0.12662319479614034,0.1385499509662515,0.13827621121292835,0.08003476247222133,0.07284926846247504,0.01175251379005579]","[0.1411754681388392,0.06130973125594274,0.22350443255287986,0.09259404798906168,0.15595116182514343,0.142445308099373,0.08455576887918058,0.0777571517523797,0.020706929507199927]","[0.14945253139408257,0.052103543865665444,0.2303580230401796,0.12662319479614034,0.1385499509662515,0.13827621121292835,0.08003476247222133,0.07284926846247504,0.01175251379005579]"
13-588,13-588::Follow Up 4->Follow Up 5,"[0.1661202185792349,0.0841530054644808,0.1989071038251366,0.0005464480874316,0.1060109289617486,0.0743169398907103,0.1360655737704918,0.2218579234972677,0.0120218579234972]","[0.1605222734254992,0.0745007680491551,0.2311827956989247,0.1052227342549923,0.0898617511520737,0.1459293394777265,0.0944700460829493,0.0821812596006144,0.0161290322580645]","[0.16143369076122643,0.07355391403683656,0.21883524844732716,0.10253558422354647,0.08517562784776822,0.14693764618137106,0.10752868123421576,0.08606501082171017,0.01793459644599829]","[0.15188631219823867,0.07738325136895588,0.21331976855703255,0.07681993187682695,0.11029480593396587,0.14885550772105643,0.10992083735809702,0.08776371386305142,0.02375587112277529]","[0.16143369076122643,0.07355391403683656,0.21883524844732716,0.10253558422354647,0.08517562784776822,0.14693764618137106,0.10752868123421576,0.08606501082171017,0.01793459644599829]"
13-588,13-588::Follow Up 5->Follow Up 6,"[0.1612492033142128,0.0465264499681325,0.2625876354365838,0.088591459528362,0.194391332058636,0.1548757170172084,0.0331421287444232,0.0497131931166348,0.0089228808158062]","[0.1661202185792349,0.0841530054644808,0.1989071038251366,0.0005464480874316,0.1060109289617486,0.0743169398907103,0.1360655737704918,0.2218579234972677,0.0120218579234972]","[0.16667483477214712,0.08302841236839682,0.18616104127059135,0.0,0.10110836278866532,0.07516434214101303,0.14880566035535525,0.2252594613515407,0.013797884952290338]","[0.16571335867682915,0.08232234178752527,0.18295714715753464,0.005390054288039403,0.11658607878118846,0.07974496447974333,0.13032616055294946,0.21633856507713584,0.02062132919905458]","[0.16667483477214712,0.08302841236839682,0.18616104127059135,0.0,0.10110836278866532,0.07516434214101303,0.14880566035535525,0.2252594613515407,0.013797884952290338]"
13-660,13-660::Baseline->Follow Up 1,"[0.3912201420271142,0.1342801807617818,0.118140735958683,0.0,0.0413169786959328,0.0897353131052291,0.1536475145255003,0.0548741123305358,0.0167850225952227]","[0.3020833333333333,0.1242559523809523,0.1465773809523809,0.0029761904761904,0.0446428571428571,0.1123511904761904,0.1919642857142857,0.0654761904761904,0.009672619047619]","[0.30196239840219097,0.1233034614571253,0.1343668114176234,0.001062153083038552,0.04000141931593658,0.11342350975248042,0.20526582093514867,0.06922721483891746,0.011387210797538726]","[0.28858586548831755,0.11855059371535248,0.1492073691314559,0.007171386416476574,0.06293612364254746,0.10989019700028398,0.18300334363269205,0.06084086725856669,0.01981425371430729]","[0.30196239840219097,0.1233034614571253,0.1343668114176234,0.001062153083038552,0.04000141931593658,0.11342350975248042,0.20526582093514867,0.06922721483891746,0.011387210797538726]"
13-660,13-660::Follow Up 1->Follow Up 2,"[0.2964094728800611,0.0947288006111535,0.1313980137509549,0.0,0.0786860198624904,0.0893812070282658,0.1986249045072574,0.0847975553857906,0.0259740259740259]","[0.3912201420271142,0.1342801807617818,0.118140735958683,0.0,0.0413169786959328,0.0897353131052291,0.1536475145255003,0.0548741123305358,0.0167850225952227]","[0.39035205865920425,0.133072983172145,0.10572779946225903,0.0,0.036605476617971325,0.09063415521933253,0.1666301134783405,0.05851314035463332,0.018464273036113938]","[0.3725397345495578,0.12764484662056985,0.12873167921358483,0.0035625589501940605,0.056749886715715715,0.08189800209461418,0.15229215539173507,0.05164443374067972,0.024936702723348796]","[0.39035205865920425,0.133072983172145,0.10572779946225903,0.0,0.036605476617971325,0.09063415521933253,0.1666301134783405,0.05851314035463332,0.018464273036113938]"
13-660,13-660::Follow Up 2->Follow Up 3,"[0.3942542787286063,0.1094132029339853,0.1466992665036675,0.0,0.0715158924205379,0.0837408312958435,0.1381418092909535,0.0403422982885085,0.0158924205378973]","[0.2964094728800611,0.0947288006111535,0.1313980137509549,0.0,0.0786860198624904,0.0893812070282658,0.1986249045072574,0.0847975553857906,0.0259740259740259]","[0.29572251399912747,0.09359716122085689,0.11895975080487682,0.0,0.07390312868379818,0.09028072561983853,0.21152157951546918,0.0883794182372266,0.02763572191880629]","[0.2864067658743892,0.09358999956220053,0.1382899157229051,0.0050289252391051064,0.0913501417594669,0.09039087907703099,0.18476317654226193,0.078037608475516,0.032142587747124245]","[0.29572251399912747,0.09359716122085689,0.11895975080487682,0.0,0.07390312868379818,0.09028072561983853,0.21152157951546918,0.0883794182372266,0.02763572191880629]"
13-687,13-687::Baseline->Follow Up 1,"[0.1272727272727272,0.0831168831168831,0.1896103896103896,0.0207792207792207,0.2805194805194805,0.1532467532467532,0.0649350649350649,0.0337662337662337,0.0467532467532467]","[0.124667021843367,0.1241342567927544,0.1667554608417688,0.0010655301012253,0.1672882258923814,0.0729888119339371,0.1949920085242408,0.1406499733617474,0.0074587107085775]","[0.12522168341498277,0.12264760772068131,0.15362305300526102,0.0,0.162467227265486,0.07387921957361761,0.2084010237051704,0.1444883918616752,0.009271793453125617]","[0.12880037057866683,0.11732980651498098,0.15404633360946335,0.006220771082619207,0.16591799213048988,0.09191359642879068,0.18399032210174804,0.13302129991965123,0.0187595076335898]","[0.12522168341498277,0.12264760772068131,0.15362305300526102,0.0,0.162467227265486,0.07387921957361761,0.2084010237051704,0.1444883918616752,0.009271793453125617]"
13-687,13-687::Follow Up 1->Follow Up 2,"[0.1818181818181818,0.0699300699300699,0.2307692307692307,0.0139860139860139,0.1794871794871795,0.2027972027972027,0.0606060606060606,0.0396270396270396,0.0209790209790209]","[0.1272727272727272,0.0831168831168831,0.1896103896103896,0.0207792207792207,0.2805194805194805,0.1532467532467532,0.0649350649350649,0.0337662337662337,0.0467532467532467]","[0.1279425963657537,0.08174307334314164,0.17661931936562808,0.018793662147242495,0.27584795637698173,0.15420513187627122,0.07853581500364135,0.03773758570903684,0.04857485981230296]","[0.1403898095776459,0.08141267021482193,0.16744319734655672,0.014996680000097653,0.24986546503047433,0.1506275910562163,0.10188008239600868,0.046019172905613734,0.0473653314725648]","[0.1279425963657537,0.08174307334314164,0.17661931936562808,0.018793662147242495,0.27584795637698173,0.15420513187627122,0.07853581500364135,0.03773758570903684,0.04857485981230296]"
13-687,13-687::Follow Up 2->Follow Up 3,"[0.103207810320781,0.0662482566248256,0.1520223152022315,0.0516039051603905,0.1464435146443514,0.2294281729428172,0.1311018131101813,0.0906555090655509,0.0292887029288702]","[0.1818181818181818,0.0699300699300699,0.2307692307692307,0.0139860139860139,0.1794871794871795,0.2027972027972027,0.0606060606060606,0.0396270396270396,0.0209790209790209]","[0.18248805091120832,0.06855626015632842,0.2177781605244692,0.012000455354035695,0.1748156553446807,0.20375558142672076,0.07420681067463704,0.04359839156984274,0.02280063403807715]","[0.1871609454465996,0.06957722706586536,0.20469004691562834,0.01468522653456844,0.16661565243035314,0.18295265603496721,0.09378504696064063,0.052829371424718635,0.027703827186658567]","[0.18248805091120832,0.06855626015632842,0.2177781605244692,0.012000455354035695,0.1748156553446807,0.20375558142672076,0.07420681067463704,0.04359839156984274,0.02280063403807715]"
13-687,13-687::Follow Up 3->Follow Up 4,"[0.1303088803088803,0.0492277992277992,0.2548262548262548,0.0444015444015444,0.2393822393822393,0.2036679536679536,0.0299227799227799,0.0222007722007722,0.026061776061776]","[0.103207810320781,0.0662482566248256,0.1520223152022315,0.0516039051603905,0.1464435146443514,0.2294281729428172,0.1311018131101813,0.0906555090655509,0.0292887029288702]","[0.10387767941380747,0.06487444685108412,0.13903124495746996,0.04961834652841231,0.14177199050185257,0.23038655157233529,0.14470256317875776,0.09462686100835406,0.031110315987926452]","[0.10723065725519855,0.0643823135843972,0.1360523648812723,0.04148911932605752,0.14290654991832155,0.21998723789726557,0.1566540677033715,0.09973043530481503,0.03156725412930093]","[0.10387767941380747,0.06487444685108412,0.13903124495746996,0.04961834652841231,0.14177199050185257,0.23038655157233529,0.14470256317875776,0.09462686100835406,0.031110315987926452]"
13-687,13-687::Follow Up 4->Follow Up 5,"[0.1101759755164498,0.0918133129303749,0.1920428462127008,0.0015302218821729,0.2226472838561591,0.0948737566947207,0.1614384085692425,0.1086457536342769,0.016832440703902]","[0.1303088803088803,0.0492277992277992,0.2548262548262548,0.0444015444015444,0.2393822393822393,0.2036679536679536,0.0299227799227799,0.0222007722007722,0.026061776061776]","[0.1309787494019068,0.0478539894540577,0.2418351845814933,0.042415985769566206,0.2347107152397405,0.20462633229747162,0.04352352999135632,0.026172124143575337,0.02788338912083225]","[0.1393487988350926,0.05317748864142435,0.22333999800570764,0.03569385044971908,0.2174428960444339,0.18798402319093838,0.0705492547086634,0.040308317547684276,0.03215537257633639]","[0.1309787494019068,0.0478539894540577,0.2418351845814933,0.042415985769566206,0.2347107152397405,0.20462633229747162,0.04352352999135632,0.026172124143575337,0.02788338912083225]"
13-687,13-687::Follow Up 5->Follow Up 6,"[0.1318591318591318,0.1515151515151515,0.2137592137592137,0.0,0.1834561834561834,0.0597870597870597,0.149058149058149,0.1031941031941031,0.0073710073710073]","[0.1101759755164498,0.0918133129303749,0.1920428462127008,0.0015302218821729,0.2226472838561591,0.0948737566947207,0.1614384085692425,0.1086457536342769,0.016832440703902]","[0.11079539539424407,0.09039834146964086,0.17897028422041064,0.0,0.21787655251238056,0.09578851929119603,0.1749594931508601,0.11256585020870699,0.018645563752560868]","[0.1195894010132823,0.09009510380255653,0.17407567145559888,0.005988711477190434,0.20963643410163052,0.1076851557764627,0.15970081414872628,0.1066271584623146,0.026601549762237726]","[0.11079539539424407,0.09039834146964086,0.17897028422041064,0.0,0.21787655251238056,0.09578851929119603,0.1749594931508601,0.11256585020870699,0.018645563752560868]"
13-689,13-689::Baseline->Follow Up 1,"[0.0810431856421761,0.0448681996634885,0.2234997195737521,0.0656197420078519,0.2722938867077958,0.1567582725743129,0.037016264722378,0.0824453168816601,0.0364554122265844]","[0.1937139191789608,0.0942912123155869,0.4488454137267479,0.0219692110327132,0.0878768441308531,0.0569275176395125,0.0218088518280949,0.0442591404746632,0.0303078896728672]","[0.19413100392659166,0.09311427187708442,0.43921871876691304,0.01984760556678899,0.082834855253704,0.056438924447843944,0.03464854647695042,0.04749152691499199,0.032274546769131496]","[0.1986274840820049,0.09890075639950108,0.412768558319221,0.022283937194047684,0.09670220591666397,0.04791861819038802,0.03948452882633533,0.04857859486304188,0.034735316208796066]","[0.19413100392659166,0.09311427187708442,0.43921871876691304,0.01984760556678899,0.082834855253704,0.056438924447843944,0.03464854647695042,0.04749152691499199,0.032274546769131496]"
13-689,13-689::Follow Up 1->Follow Up 2,"[0.1476363636363636,0.1014545454545454,0.156,0.0563636363636363,0.1912727272727272,0.208,0.0381818181818181,0.0916363636363636,0.0094545454545454]","[0.0810431856421761,0.0448681996634885,0.2234997195737521,0.0656197420078519,0.2722938867077958,0.1567582725743129,0.037016264722378,0.0824453168816601,0.0364554122265844]","[0.08146027038980691,0.04369125922498601,0.21387302461391716,0.0634981365419277,0.26725189783064673,0.15626967938264436,0.04985595937123352,0.08567770332198889,0.03842206932284869]","[0.09134479718044251,0.04907035317601821,0.20052799571083435,0.04801105834119945,0.24812397308848677,0.15357832822181744,0.07378378602364699,0.09591782461512004,0.039641883642434234]","[0.08146027038980691,0.04369125922498601,0.21387302461391716,0.0634981365419277,0.26725189783064673,0.15626967938264436,0.04985595937123352,0.08567770332198889,0.03842206932284869]"
13-689,13-689::Follow Up 2->Follow Up 3,"[0.204223315013017,0.1819496673416256,0.1819496673416256,0.014752675730402,0.1307492045125831,0.1116575065085334,0.0373155915533699,0.1217818918137113,0.0156204801851316]","[0.1476363636363636,0.1014545454545454,0.156,0.0563636363636363,0.1912727272727272,0.208,0.0381818181818181,0.0916363636363636,0.0094545454545454]","[0.14805344838399445,0.10027760501604294,0.14637330504016507,0.05424203089771211,0.18623073839557816,0.2075114068083315,0.05102151283067363,0.09486875007669242,0.011421202550809693]","[0.1469042010779858,0.0939737328240244,0.13738087806610558,0.04190584893725252,0.17707037145234888,0.19359365874616807,0.08467569263103888,0.10655566412525079,0.017939952139825032]","[0.14805344838399445,0.10027760501604294,0.14637330504016507,0.05424203089771211,0.18623073839557816,0.2075114068083315,0.05102151283067363,0.09486875007669242,0.011421202550809693]"
13-689,13-689::Follow Up 3->Follow Up 4,"[0.2271197846567967,0.1029609690444145,0.155114401076716,0.0397039030955585,0.1537685060565276,0.199528936742934,0.031628532974428,0.079407806191117,0.0107671601615074]","[0.204223315013017,0.1819496673416256,0.1819496673416256,0.014752675730402,0.1307492045125831,0.1116575065085334,0.0373155915533699,0.1217818918137113,0.0156204801851316]","[0.20464039976064785,0.18077272690312315,0.17232297238179067,0.012631070264477793,0.12570721563543402,0.11116891331686488,0.050155286202225424,0.12501427825404013,0.017587137281395895]","[0.20048468460020863,0.163730595214131,0.16364437165826745,0.010988101918978591,0.12687810230999985,0.10730198327957877,0.07844031735077638,0.12715844416232905,0.021373399505730313]","[0.20464039976064785,0.18077272690312315,0.17232297238179067,0.012631070264477793,0.12570721563543402,0.11116891331686488,0.050155286202225424,0.12501427825404013,0.017587137281395895]"
14-1063,14-1063::Baseline->Follow Up 1,"[0.5995575221238938,0.1703539823008849,0.1084070796460177,0.0,0.0331858407079646,0.0331858407079646,0.0110619469026548,0.0243362831858407,0.0199115044247787]","[0.3892508143322475,0.2361563517915309,0.1634093376764386,0.0,0.0808903365906623,0.02442996742671,0.0282301845819761,0.0635179153094462,0.014115092290988]","[0.38984491435071633,0.23533978552213358,0.1503340681897586,0.0,0.07615170295850315,0.024876233900222672,0.040953357725263914,0.0666702086360466,0.015829728717355142]","[0.3751185351354921,0.21027210451632922,0.15766113821724015,0.0,0.08604925267044278,0.01636954466122264,0.07055347887565458,0.06100294676514721,0.022972999158471376]","[0.38984491435071633,0.23533978552213358,0.1503340681897586,0.0,0.07615170295850315,0.024876233900222672,0.040953357725263914,0.0666702086360466,0.015829728717355142]"
14-1063,14-1063::Follow Up 1->Follow Up 2,"[0.4027898866608544,0.2101133391455972,0.1089799476896251,0.0,0.058413251961639,0.031386224934612,0.072362685265911,0.1011333914559721,0.014821272885789]","[0.5995575221238938,0.1703539823008849,0.1084070796460177,0.0,0.0331858407079646,0.0331858407079646,0.0110619469026548,0.0243362831858407,0.0199115044247787]","[0.5997262710404528,0.16967050313396284,0.09544305373928068,0.0,0.028543690731047924,0.033614398186897536,0.023819843278936114,0.027567822441272368,0.02161441744814971]","[0.5719530636169292,0.14951745717091833,0.12328681934097524,0.0,0.03952776179220579,0.016210193007054455,0.05101015149480725,0.019455399003530133,0.029039154573579414]","[0.5997262710404528,0.16967050313396284,0.09544305373928068,0.0,0.028543690731047924,0.033614398186897536,0.023819843278936114,0.027567822441272368,0.02161441744814971]"
14-1063,14-1063::Follow Up 2->Follow Up 3,"[0.3158602150537634,0.1538978494623656,0.2251344086021505,0.0094086021505376,0.1014784946236559,0.0591397849462365,0.0288978494623655,0.0893817204301075,0.0168010752688172]","[0.4027898866608544,0.2101133391455972,0.1089799476896251,0.0,0.058413251961639,0.031386224934612,0.072362685265911,0.1011333914559721,0.014821272885789]","[0.40335660353308744,0.20934944558570262,0.09601476314151065,0.0,0.05372007885147204,0.03181842218595281,0.08499659921250907,0.10420960644728879,0.016534481042476585]","[0.38949592614673356,0.1867950024433459,0.11468928460989514,0.0,0.06809788073984295,0.02162455730541527,0.10267192094931464,0.09302969623127111,0.023595731574181496]","[0.40335660353308744,0.20934944558570262,0.09601476314151065,0.0,0.05372007885147204,0.03181842218595281,0.08499659921250907,0.10420960644728879,0.016534481042476585]"
14-1128,14-1128::Baseline->Follow Up 1,"[0.0366624525916561,0.0269700800674252,0.0282343025705857,0.0004214075010535,0.1281078803202697,0.1812052254530131,0.246944795617362,0.2612726506531816,0.090181205225453]","[0.0324290614281259,0.0236981602743997,0.0327408793264733,0.0,0.0898035547240411,0.147801683816651,0.2541315871531026,0.2606797630183972,0.1587153102588088]","[0.03305511282076277,0.022575752519784234,0.020444450589552687,0.0,0.08562122087077771,0.1483901101614072,0.2654225657583141,0.26313868777840366,0.16135209950099777]","[0.05387120074771701,0.018038886811427658,0.048528241608748676,0.003906738523659691,0.10461277165467694,0.16262439073544085,0.25227256936005116,0.23814776403632376,0.11799743652195419]","[0.03305511282076277,0.022575752519784234,0.020444450589552687,0.0,0.08562122087077771,0.1483901101614072,0.2654225657583141,0.26313868777840366,0.16135209950099777]"
14-1128,14-1128::Follow Up 1->Follow Up 2,"[0.0322374720714969,0.0325566549632939,0.0472390679859559,0.0003191828917969,0.1870411745930418,0.1733163102457708,0.2598148739227577,0.1895946377274178,0.0778806255984679]","[0.0366624525916561,0.0269700800674252,0.0282343025705857,0.0004214075010535,0.1281078803202697,0.1812052254530131,0.246944795617362,0.2612726506531816,0.090181205225453]","[0.03729586107277339,0.02585210799811354,0.015953449720088282,0.0,0.12390229742062484,0.18180439689560202,0.25835857351161395,0.2638413749603094,0.09299193842087472]","[0.05358375406247415,0.02372703897498332,0.0383645002907498,0.005863743356732086,0.1342370591615885,0.18899377459646466,0.23940270103447753,0.2436924516387547,0.07213497688377526]","[0.03729586107277339,0.02585210799811354,0.015953449720088282,0.0,0.12390229742062484,0.18180439689560202,0.25835857351161395,0.2638413749603094,0.09299193842087472]"
14-1128,14-1128::Follow Up 2->Follow Up 3,"[0.0629811056682995,0.0377886634009797,0.046885934219734,0.0006997900629811,0.0699790062981105,0.1980405878236529,0.29111266620014,0.2498250524842547,0.0426871938418474]","[0.0322374720714969,0.0325566549632939,0.0472390679859559,0.0003191828917969,0.1870411745930418,0.1733163102457708,0.2598148739227577,0.1895946377274178,0.0778806255984679]","[0.03287437268938584,0.031426830235970725,0.03492524121536634,0.0,0.182725744269623,0.17390993915043304,0.27118105733041764,0.19225465856804197,0.08070215654076152]","[0.05098141536712271,0.031903476903941595,0.05348435775763452,0.005212242036319005,0.18184708089297202,0.18502554450763647,0.2491681255381023,0.17611141813834685,0.06626633885792459]","[0.03287437268938584,0.031426830235970725,0.03492524121536634,0.0,0.182725744269623,0.17390993915043304,0.27118105733041764,0.19225465856804197,0.08070215654076152]"
14-1128,14-1128::Follow Up 3->Follow Up 4,"[0.0359550561797752,0.0215730337078651,0.0256179775280898,0.0013483146067415,0.0435955056179775,0.1411235955056179,0.3757303370786516,0.3235955056179775,0.0314606741573033]","[0.0629811056682995,0.0377886634009797,0.046885934219734,0.0006997900629811,0.0699790062981105,0.1980405878236529,0.29111266620014,0.2498250524842547,0.0426871938418474]","[0.06359146229195609,0.03666414080624887,0.03458583179925578,0.0,0.06588168777879119,0.19866892749857196,0.30254218796032534,0.252481669286768,0.04558409257808274]","[0.07165061282642884,0.03544170073749035,0.05494915254255528,0.009694776879867936,0.08886677741383411,0.20315025430847472,0.265597591990134,0.23101277834020234,0.039636354961012546]","[0.06359146229195609,0.03666414080624887,0.03458583179925578,0.0,0.06588168777879119,0.19866892749857196,0.30254218796032534,0.252481669286768,0.04558409257808274]"
14-1138,14-1138::Baseline->Follow Up 2,"[0.1702296120348377,0.0482977038796516,0.2462391132224861,0.0617577197149643,0.2256532066508313,0.1631037212984956,0.0348376880443388,0.0340459224069675,0.0158353127474267]","[0.1911764705882352,0.0411764705882352,0.3,0.0558823529411764,0.2529411764705882,0.0735294117647058,0.0323529411764705,0.038235294117647,0.0147058823529411]","[0.1920676756018334,0.04004488144216951,0.28848857253129895,0.05392346302602748,0.24886620186466135,0.07352736222611438,0.04491420591757512,0.041732331255352105,0.01643530613496755]","[0.20484569345020712,0.05519800620036438,0.2682514579953878,0.025938096387752258,0.2199859989614336,0.07700947604625295,0.07381235663128366,0.05731605791692508,0.01764285641039334]","[0.1920676756018334,0.04004488144216951,0.28848857253129895,0.05392346302602748,0.24886620186466135,0.07352736222611438,0.04491420591757512,0.041732331255352105,0.01643530613496755]"
14-1189,14-1189_aCTLA-4::Baseline->Follow Up 1,"[0.0526610644257703,0.0397759103641456,0.1490196078431372,0.0019607843137254,0.1005602240896358,0.2473389355742297,0.2717086834733893,0.1252100840336134,0.0117647058823529]","[0.1349693251533742,0.0787321063394683,0.3844580777096115,0.0051124744376278,0.2791411042944786,0.0603271983640081,0.0040899795501022,0.0010224948875255,0.0521472392638036]","[0.13642628921174146,0.07813275875195111,0.37435324401269443,0.0031130431438995197,0.276527814650725,0.059178717964809106,0.014462774730800059,0.0034555662959962186,0.054349791237383004]","[0.1526841530874828,0.08384493261441389,0.3438939241990152,0.007899592265104402,0.2586370427623003,0.06172627882641141,0.02743522919247999,0.009534421139582345,0.05434442591320965]","[0.13642628921174146,0.07813275875195111,0.37435324401269443,0.0031130431438995197,0.276527814650725,0.059178717964809106,0.014462774730800059,0.0034555662959962186,0.054349791237383004]"
14-1189,14-1189_aCTLA-4::Follow Up 1->Follow Up 2,"[0.0510245078344716,0.0393732422659702,0.2157492969063881,0.0980313378867014,0.140216954600241,0.2551225391723584,0.1084773001205303,0.0674969867416633,0.0245078344716753]","[0.0526610644257703,0.0397759103641456,0.1490196078431372,0.0019607843137254,0.1005602240896358,0.2473389355742297,0.2717086834733893,0.1252100840336134,0.0117647058823529]","[0.0541159370665999,0.03917504877930162,0.1389094057171952,0.0,0.09794314923895217,0.24618094102512594,0.28207057747812003,0.12763822261024732,0.013966718084457784]","[0.06077855721144414,0.04152325670907513,0.13574929652695295,0.012588730528944613,0.11076583918019961,0.24116338767729842,0.25543321256272816,0.12107815423240019,0.020919565370956638]","[0.0541159370665999,0.03917504877930162,0.1389094057171952,0.0,0.09794314923895217,0.24618094102512594,0.28207057747812003,0.12763822261024732,0.013966718084457784]"
14-1189,14-1189_aCTLA-4::Follow Up 2->Follow Up 3,"[0.0557707203718048,0.0371804802478698,0.2513555383423703,0.0867544539116963,0.1463981409759876,0.2567776917118513,0.0894655305964368,0.0546088303640588,0.021688613477924]","[0.0510245078344716,0.0393732422659702,0.2157492969063881,0.0980313378867014,0.140216954600241,0.2551225391723584,0.1084773001205303,0.0674969867416633,0.0245078344716753]","[0.052481471892838846,0.038773894678453005,0.20564446320947108,0.09603190659297314,0.13760366495648746,0.2539740587731595,0.11885009530122821,0.06993005815013405,0.026710386445254704]","[0.0536097129832802,0.043214131775984224,0.19094516862286096,0.07691600437136607,0.14380983106724587,0.24387263117320357,0.13737484919723666,0.0821629075355558,0.0280947632732667]","[0.052481471892838846,0.038773894678453005,0.20564446320947108,0.09603190659297314,0.13760366495648746,0.2539740587731595,0.11885009530122821,0.06993005815013405,0.026710386445254704]"
14-1189,14-1189_aCTLA-4::Follow Up 3->Follow Up 4,"[0.0600164428610578,0.0498766785420663,0.153740750890655,0.0032885722115648,0.1562071800493286,0.2419841052343108,0.2096464784872568,0.105234310770074,0.0200054809536859]","[0.0557707203718048,0.0371804802478698,0.2513555383423703,0.0867544539116963,0.1463981409759876,0.2567776917118513,0.0894655305964368,0.0546088303640588,0.021688613477924]","[0.057227684430172045,0.03658113266035261,0.24125070464545328,0.08475502261796805,0.14378485133223406,0.25562921131265237,0.0998383257771347,0.05704190177252954,0.023891165451503403]","[0.05972208612029658,0.04178044983767189,0.22111263741949833,0.06985709862060299,0.14860535245503925,0.24151386181566425,0.12019348046889862,0.07055239188743076,0.02666264137489733]","[0.057227684430172045,0.03658113266035261,0.24125070464545328,0.08475502261796805,0.14378485133223406,0.25562921131265237,0.0998383257771347,0.05704190177252954,0.023891165451503403]"
14-1189,14-1189_aPD1::Baseline->Follow Up 1,"[0.028849073792894,0.0607348921955663,0.1746128150622533,0.0009110233829334,0.3097479501973884,0.1156999696325539,0.180382629820832,0.1138779228666869,0.0151837230488915]","[0.0332859174964438,0.0725462304409672,0.1948790896159317,0.0019914651493598,0.2492176386913229,0.1046941678520625,0.2150782361308677,0.1129445234708392,0.0153627311522048]","[0.03474260479020554,0.07194630971876002,0.184772783992342,0.0,0.24660238457737224,0.10354486259953945,0.2254492353504091,0.11537667577205402,0.01756514319931762]","[0.05069774558411816,0.07550676145977644,0.1774983127973604,0.008312702806103151,0.23671753425674086,0.12498359777559057,0.19329595124356905,0.1051057966406661,0.027881597436075267]","[0.03474260479020554,0.07194630971876002,0.184772783992342,0.0,0.24660238457737224,0.10354486259953945,0.2254492353504091,0.11537667577205402,0.01756514319931762]"
14-1189,14-1189_aPD1::Follow Up 1->Follow Up 2,"[0.0409614082599864,0.0690589031821259,0.1868652674339878,0.0010155721056194,0.2535545023696682,0.0961408259986458,0.2136086662153012,0.1167907921462423,0.0220040622884224]","[0.028849073792894,0.0607348921955663,0.1746128150622533,0.0009110233829334,0.3097479501973884,0.1156999696325539,0.180382629820832,0.1138779228666869,0.0151837230488915]","[0.030273088382381658,0.0600701637666028,0.16432912424653234,0.0,0.30680073620531134,0.11442694604007683,0.19054803101718445,0.11618453810477239,0.01736737223713828]","[0.04989341708791896,0.06522344353598894,0.15728272030330206,0.006342824877105978,0.2829401111076246,0.1324123521387227,0.16789748584262876,0.10963915428137183,0.028368490825336143]","[0.030273088382381658,0.0600701637666028,0.16432912424653234,0.0,0.30680073620531134,0.11442694604007683,0.19054803101718445,0.11618453810477239,0.01736737223713828]"
14-1189,14-1189_aPD1::Follow Up 2->Follow Up 3,"[0.0327031170158405,0.0643842616249361,0.1538068472151252,0.0005109862033725,0.2301992846193152,0.1203372508942258,0.2606029637199795,0.1241696474195196,0.0132856412876852]","[0.0409614082599864,0.0690589031821259,0.1868652674339878,0.0010155721056194,0.2535545023696682,0.0961408259986458,0.2136086662153012,0.1167907921462423,0.0220040622884224]","[0.042376679632735434,0.06839226723409488,0.1765866972924418,0.0,0.2506945645751485,0.0948989783676377,0.22376131177346756,0.11910667935386564,0.024182821770608393]","[0.058724434846250624,0.07242459777790994,0.17150017657275946,0.007338470527711424,0.2398904950009313,0.1171470766415123,0.19201321548017908,0.1083984612004843,0.03256307195226157]","[0.042376679632735434,0.06839226723409488,0.1765866972924418,0.0,0.2506945645751485,0.0948989783676377,0.22376131177346756,0.11910667935386564,0.024182821770608393]"
14-1189,14-1189_aPD1::Follow Up 3->Follow Up 4,"[0.0341256766297952,0.0447164038597317,0.1435631913391386,0.0002353494939985,0.1628618498470228,0.1329724641092022,0.3297246410920217,0.1407389974111556,0.0110614262179336]","[0.0327031170158405,0.0643842616249361,0.1538068472151252,0.0005109862033725,0.2301992846193152,0.1203372508942258,0.2606029637199795,0.1241696474195196,0.0132856412876852]","[0.03410931123736108,0.06369011479874255,0.14348843885587034,0.0,0.22724774917900184,0.11901162822130562,0.27057302580882964,0.126414557700232,0.015465174198657115]","[0.04897824198279049,0.06775090948199328,0.14287337727721053,0.008176153448317326,0.22074928868027774,0.14129920786925565,0.23038276824532747,0.11370271426502315,0.026087338749804456]","[0.03410931123736108,0.06369011479874255,0.14348843885587034,0.0,0.22724774917900184,0.11901162822130562,0.27057302580882964,0.126414557700232,0.015465174198657115]"
14-1319,14-1319::Follow Up 1->Follow Up 2,"[0.2217821782178218,0.0237623762376237,0.0521452145214521,0.0006600660066006,0.1445544554455445,0.1597359735973597,0.2554455445544555,0.1069306930693069,0.0349834983498349]","[0.1670250896057347,0.0379928315412186,0.0974910394265233,0.025089605734767,0.2057347670250896,0.2931899641577061,0.0738351254480286,0.0795698924731183,0.0200716845878136]","[0.1670250896057347,0.0379928315412186,0.0974910394265233,0.025089605734767,0.2057347670250896,0.2931899641577061,0.0738351254480286,0.0795698924731183,0.0200716845878136]","[0.16662794129306763,0.04099536702737201,0.09093031020650932,0.02317342599716119,0.18482092996880842,0.270698848911053,0.10150224991347823,0.0968407203241258,0.02441020635842435]","[0.1670250896057347,0.0379928315412186,0.0974910394265233,0.025089605734767,0.2057347670250896,0.2931899641577061,0.0738351254480286,0.0795698924731183,0.0200716845878136]"
14-745,14-745::Baseline->Follow Up 1,"[0.2247191011235955,0.1235955056179775,0.3460674157303371,0.0,0.0808988764044943,0.0674157303370786,0.1146067415730337,0.0247191011235955,0.0179775280898876]","[0.2504288164665523,0.1183533447684391,0.353344768439108,0.0,0.0617495711835334,0.0531732418524871,0.1183533447684391,0.0360205831903945,0.0085763293310463]","[0.2507912482598756,0.11681640637094104,0.3406208161003208,0.0,0.05734943744857349,0.05351930811000886,0.13108101304875883,0.039491896443279925,0.010329874218241431]","[0.24358881484889103,0.1143794645351296,0.31714697102428047,0.013395902935143561,0.08990134297367727,0.05494942801682508,0.11022857287281776,0.034065934926504796,0.02234356786673041]","[0.2507912482598756,0.11681640637094104,0.3406208161003208,0.0,0.05734943744857349,0.05351930811000886,0.13108101304875883,0.039491896443279925,0.010329874218241431]"
14-745,14-745::Follow Up 1->Follow Up 2,"[0.2638376383763838,0.1402214022140221,0.3284132841328414,0.0,0.0571955719557195,0.062730627306273,0.1107011070110701,0.025830258302583,0.011070110701107]","[0.2247191011235955,0.1235955056179775,0.3460674157303371,0.0,0.0808988764044943,0.0674157303370786,0.1146067415730337,0.0247191011235955,0.0179775280898876]","[0.22513134120009065,0.1220484114086183,0.3333575620480159,0.0,0.07646164408620636,0.0677342041498747,0.12734166827183066,0.02821230911205213,0.019712859723311184]","[0.22062998309966203,0.1179446511631685,0.30858929879888275,0.012674103980379676,0.10396108821410072,0.0694612842354187,0.11348515721842721,0.024580102812924623,0.028674330477035846]","[0.22513134120009065,0.1220484114086183,0.3333575620480159,0.0,0.07646164408620636,0.0677342041498747,0.12734166827183066,0.02821230911205213,0.019712859723311184]"
14-745,14-745::Follow Up 2->Follow Up 3,"[0.2358803986710963,0.1428571428571428,0.3372093023255814,0.0,0.0498338870431893,0.0930232558139534,0.0996677740863787,0.0332225913621262,0.0083056478405315]","[0.2638376383763838,0.1402214022140221,0.3284132841328414,0.0,0.0571955719557195,0.062730627306273,0.1107011070110701,0.025830258302583,0.011070110701107]","[0.26417409281485205,0.13864209810445222,0.3157376323844596,0.0,0.0528042608343155,0.0630581777243654,0.12344360022507864,0.029321313609429536,0.012818824303047049]","[0.2559302262952895,0.13225731092048254,0.2948181453563694,0.011947520444689481,0.0831709068221214,0.06298842728787253,0.11034430725911988,0.025309117162532625,0.023234038451522665]","[0.26417409281485205,0.13864209810445222,0.3157376323844596,0.0,0.0528042608343155,0.0630581777243654,0.12344360022507864,0.029321313609429536,0.012818824303047049]"
14-835,14-835::Baseline->Follow Up 1,"[0.2397447584320875,0.113035551504102,0.2415679124886053,0.0,0.2379216043755697,0.0829535095715588,0.0136736554238833,0.0273473108477666,0.0437556973564266]","[0.1485380116959064,0.0321637426900584,0.2842105263157894,0.0140350877192982,0.4157894736842105,0.0789473684210526,0.0076023391812865,0.0058479532163742,0.0128654970760233]","[0.14847990414789847,0.030988482003068044,0.27194185180653174,0.011720126760959858,0.41343240907647427,0.0792979264836177,0.020228929369807653,0.009307279623044283,0.014603090728598002]","[0.1616679248532685,0.043110567899968776,0.2506062792639138,0.00958068428779915,0.3682191128818387,0.07837792020743647,0.036125317982061485,0.02344551752843372,0.02886667509527957]","[0.14847990414789847,0.030988482003068044,0.27194185180653174,0.011720126760959858,0.41343240907647427,0.0792979264836177,0.020228929369807653,0.009307279623044283,0.014603090728598002]"
14-835,14-835::Follow Up 1->Follow Up 2,"[0.1944012441679627,0.0316226023846552,0.2623120787973043,0.0171073094867807,0.3571798859512701,0.0824261275272161,0.006739243131156,0.0082944530844997,0.039917055469155]","[0.2397447584320875,0.113035551504102,0.2415679124886053,0.0,0.2379216043755697,0.0829535095715588,0.0136736554238833,0.0273473108477666,0.0437556973564266]","[0.2391330671697339,0.11160193669079749,0.2287696451822976,0.0,0.2350204765402326,0.08311166736898228,0.026239502189270052,0.030735485804763093,0.04538821905392296]","[0.24425977871137794,0.10918869446688163,0.2160592763544095,0.0005041786581557675,0.21485616941603178,0.07659632292592829,0.05385192967408563,0.039320737212967645,0.045362912580161834]","[0.2391330671697339,0.11160193669079749,0.2287696451822976,0.0,0.2350204765402326,0.08311166736898228,0.026239502189270052,0.030735485804763093,0.04538821905392296]"
14-835,14-835::Follow Up 2->Follow Up 3,"[0.2992671009771987,0.1030130293159609,0.2011400651465798,0.0004071661237785,0.1982899022801303,0.0850977198697068,0.0435667752442996,0.022801302931596,0.0464169381107491]","[0.1944012441679627,0.0316226023846552,0.2623120787973043,0.0171073094867807,0.3571798859512701,0.0824261275272161,0.006739243131156,0.0082944530844997,0.039917055469155]","[0.19434313661995473,0.03044734169766484,0.25004340428804656,0.014792348528442356,0.35482282134353377,0.0827766855897812,0.019365833319677152,0.011753779491169779,0.041654649121729705]","[0.2054775426807589,0.041924223964605586,0.23536058487302577,0.010376836712022173,0.3176709978056435,0.07744241806490648,0.040322975892759925,0.02507228843817659,0.04635213156810103]","[0.19434313661995473,0.03044734169766484,0.25004340428804656,0.014792348528442356,0.35482282134353377,0.0827766855897812,0.019365833319677152,0.011753779491169779,0.041654649121729705]"
14-835,14-835::Follow Up 3->Follow Up 4,"[0.2337398373983739,0.040650406504065,0.2784552845528455,0.0528455284552845,0.1890243902439024,0.1300813008130081,0.040650406504065,0.016260162601626,0.0182926829268292]","[0.2992671009771987,0.1030130293159609,0.2011400651465798,0.0004071661237785,0.1982899022801303,0.0850977198697068,0.0435667752442996,0.022801302931596,0.0464169381107491]","[0.2986392510087195,0.10164385301123097,0.18851174889652342,0.0,0.1955597497918931,0.08528557056129256,0.05608636415699281,0.026210624843578917,0.048062837729768666]","[0.3000473508574776,0.10138559990851251,0.18631779425581108,0.0,0.181188228509245,0.07522429094038967,0.07602343255077709,0.03271314208463372,0.0471001608931534]","[0.2986392510087195,0.10164385301123097,0.18851174889652342,0.0,0.1955597497918931,0.08528557056129256,0.05608636415699281,0.026210624843578917,0.048062837729768666]"
14-839,14-839::Baseline->Follow Up 1,"[0.1383248730964467,0.0945431472081218,0.0983502538071066,0.0,0.1180203045685279,0.0767766497461928,0.0647208121827411,0.3965736040609137,0.0126903553299492]","[0.1526132404181185,0.0808362369337979,0.137979094076655,0.0738675958188153,0.1282229965156794,0.129616724738676,0.0383275261324041,0.2083623693379791,0.0501742160278745]","[0.15327032797398482,0.07986050393945605,0.12596117437379328,0.07258637831510817,0.12418462724782031,0.1309130676286504,0.050975110375071866,0.20988704011495354,0.05236177003116156]","[0.14816997347987648,0.07433557295264168,0.13066702400090802,0.055996696261345735,0.1392662103594896,0.1304460371733473,0.07513142424977358,0.1995756118292622,0.04641144969335552]","[0.15327032797398482,0.07986050393945605,0.12596117437379328,0.07258637831510817,0.12418462724782031,0.1309130676286504,0.050975110375071866,0.20988704011495354,0.05236177003116156]"
14-839,14-839::Follow Up 1->Follow Up 2,"[0.1215161649944258,0.0468227424749163,0.0680044593088071,0.0,0.0802675585284281,0.10479375696767,0.0813823857302118,0.483835005574136,0.0133779264214046]","[0.1383248730964467,0.0945431472081218,0.0983502538071066,0.0,0.1180203045685279,0.0767766497461928,0.0647208121827411,0.3965736040609137,0.0126903553299492]","[0.13880412238113163,0.09344768740100085,0.0862218651414234,0.0,0.11383608651407347,0.07797309214569197,0.0772693975208043,0.39758887700938444,0.01485887188648994]","[0.1309698117114039,0.08130154671813715,0.0931209668899296,0.00927860776429855,0.14027240800193505,0.08198178936257805,0.07783072011686429,0.3639027462389416,0.02134140319591186]","[0.13880412238113163,0.09344768740100085,0.0862218651414234,0.0,0.11383608651407347,0.07797309214569197,0.0772693975208043,0.39758887700938444,0.01485887188648994]"
14-839,14-839::Follow Up 2->Follow Up 3,"[0.2297817715019255,0.0757381258023106,0.1270860077021822,0.0,0.0577663671373555,0.0590500641848523,0.0693196405648267,0.3748395378690629,0.0064184852374839]","[0.1215161649944258,0.0468227424749163,0.0680044593088071,0.0,0.0802675585284281,0.10479375696767,0.0813823857302118,0.483835005574136,0.0133779264214046]","[0.12201692233364977,0.0457883446519406,0.055914900456762104,0.0,0.07613164806048783,0.10595434929073921,0.09390965128388762,0.4847386207454885,0.015545563177044239]","[0.11183284444925878,0.03723798346393433,0.0680626907414031,0.012111715658903932,0.11445116109568874,0.1042006783474417,0.08746326534238615,0.4431723052901497,0.02146735561083353]","[0.12201692233364977,0.0457883446519406,0.055914900456762104,0.0,0.07613164806048783,0.10595434929073921,0.09390965128388762,0.4847386207454885,0.015545563177044239]"
14-839,14-839::Follow Up 3->Follow Up 4,"[0.1598587997982854,0.0675743822491174,0.1048915784165405,0.0,0.0847201210287443,0.0776601109430156,0.0690872415532022,0.4296520423600605,0.0065557236510337]","[0.2297817715019255,0.0757381258023106,0.1270860077021822,0.0,0.0577663671373555,0.0590500641848523,0.0693196405648267,0.3748395378690629,0.0064184852374839]","[0.23014399454360954,0.07466672848848477,0.11492084939553404,0.0,0.053659248700825134,0.060269189134773006,0.08186234134287156,0.3758826212523496,0.008595027141552358]","[0.21616686415000985,0.06780857091654194,0.125700154273946,0.01009625460610321,0.09104427681881838,0.05799468051485243,0.07181192483519419,0.34226792523193245,0.017109348652601417]","[0.23014399454360954,0.07466672848848477,0.11492084939553404,0.0,0.053659248700825134,0.060269189134773006,0.08186234134287156,0.3758826212523496,0.008595027141552358]"
14-970,14-970::Baseline->Follow Up 1,"[0.1335841956726246,0.0249294449670743,0.1222953904045155,0.0,0.1222953904045155,0.1970837253057384,0.2408278457196613,0.1396989651928504,0.0192850423330197]","[0.1645133505598622,0.0422049956933677,0.1937984496124031,0.0,0.0818260120585702,0.3109388458225667,0.1128337639965546,0.0809646856158484,0.0129198966408268]","[0.16474208959996525,0.04117603968826793,0.1810590343262019,0.0,0.0762499844429453,0.3121846502285703,0.12567540406094377,0.08433906459828991,0.014573733054815722]","[0.16727506925591487,0.042129938395230125,0.1700651575243096,0.01183039785069984,0.0810157396854311,0.2755736019989493,0.1404629822679152,0.09249312999758642,0.0191539830239637]","[0.16474208959996525,0.04117603968826793,0.1810590343262019,0.0,0.0762499844429453,0.3121846502285703,0.12567540406094377,0.08433906459828991,0.014573733054815722]"
14-970,14-970::Follow Up 1->Follow Up 2,"[0.1439306358381503,0.0289017341040462,0.2421965317919075,0.0682080924855491,0.2271676300578035,0.1271676300578035,0.0670520231213872,0.0601156069364161,0.0352601156069364]","[0.1335841956726246,0.0249294449670743,0.1222953904045155,0.0,0.1222953904045155,0.1970837253057384,0.2408278457196613,0.1396989651928504,0.0192850423330197]","[0.13388074251203944,0.023938363164516436,0.10971273546649137,0.0,0.11663063939844685,0.19857914096658455,0.253388876855736,0.14294457757119944,0.02092492406498578]","[0.13900033824761804,0.030621841869512417,0.11701768590321895,0.00840433698454995,0.1238591898874625,0.19276484015742767,0.2264287689371546,0.13554425498596429,0.026358743027091618]","[0.13388074251203944,0.023938363164516436,0.10971273546649137,0.0,0.11663063939844685,0.19857914096658455,0.253388876855736,0.14294457757119944,0.02092492406498578]"
14-970,14-970::Follow Up 2->Follow Up 3,"[0.1784037558685446,0.0258215962441314,0.2083333333333333,0.028169014084507,0.193075117370892,0.1877934272300469,0.079225352112676,0.0768779342723004,0.022300469483568]","[0.1439306358381503,0.0289017341040462,0.2421965317919075,0.0682080924855491,0.2271676300578035,0.1271676300578035,0.0670520231213872,0.0601156069364161,0.0352601156069364]","[0.14452134218052226,0.02796324908933068,0.22985493500106233,0.0660109168691182,0.22175913704874992,0.1290993589651132,0.08016979411916414,0.06367529365510555,0.03694597307183373]","[0.14936768545506554,0.03960303942135624,0.22180939702483296,0.05101673878717163,0.21407236909381158,0.1266070016577814,0.08733527288294059,0.07093064072232845,0.039257854954711714]","[0.14452134218052226,0.02796324908933068,0.22985493500106233,0.0660109168691182,0.22175913704874992,0.1290993589651132,0.08016979411916414,0.06367529365510555,0.03694597307183373]"
14-998,14-998::Baseline->Follow Up 1,"[0.1603206412825651,0.064128256513026,0.2164328657314629,0.0661322645290581,0.2084168336673346,0.0521042084168336,0.0480961923847695,0.0300601202404809,0.1543086172344689]","[0.1786743515850144,0.0749279538904899,0.3213256484149855,0.0144092219020172,0.2204610951008645,0.1253602305475504,0.0072046109510086,0.0144092219020172,0.0432276657060518]","[0.17933190828385825,0.07373017378634034,0.3092204140676871,0.01254313943321066,0.21599332821018385,0.12661680095050545,0.019803681638712482,0.017885256723467725,0.04487529690603408]","[0.18814474653539032,0.07675343805663695,0.2843208413744819,0.012269240421906455,0.20175861696919387,0.11829214166004563,0.04860924476586341,0.02971980100244937,0.04013192921403212]","[0.17933190828385825,0.07373017378634034,0.3092204140676871,0.01254313943321066,0.21599332821018385,0.12661680095050545,0.019803681638712482,0.017885256723467725,0.04487529690603408]"
14-998,14-998::Follow Up 1->Follow Up 2,"[0.1845536609829488,0.0882647943831494,0.3219658976930792,0.0080240722166499,0.2326980942828485,0.0752256770310932,0.0180541624874623,0.0160481444332999,0.0551654964894684]","[0.1603206412825651,0.064128256513026,0.2164328657314629,0.0661322645290581,0.2084168336673346,0.0521042084168336,0.0480961923847695,0.0300601202404809,0.1543086172344689]","[0.16097819798140894,0.06293047640887645,0.20432763138416443,0.06426618206025159,0.20394906677665395,0.05336077881978862,0.060695263072473395,0.03353615506193143,0.15595624843445122]","[0.17232717151920188,0.06251309919305648,0.1898558957720793,0.0428912168303731,0.19104006005050225,0.06877079811992727,0.1086121201078794,0.042308035775482034,0.1216816026314983]","[0.16097819798140894,0.06293047640887645,0.20432763138416443,0.06426618206025159,0.20394906677665395,0.05336077881978862,0.060695263072473395,0.03353615506193143,0.15595624843445122]"
15-1471,15-1471::Baseline->Follow Up 1,"[0.0161821173889193,0.0054854635216675,0.0858475041140976,0.0880416895227646,0.3381788261108063,0.3664289632473944,0.044157981349424,0.0422380691168403,0.0134393856280855]","[0.0419047619047619,0.0057142857142857,0.0742857142857142,0.1295238095238095,0.2114285714285714,0.3085714285714285,0.1104761904761904,0.1123809523809523,0.0057142857142857]","[0.04276778237658897,0.004638518193908739,0.06172605267537906,0.12717216017617727,0.20713021396065803,0.3087386621657464,0.1238023627652265,0.11654244436646059,0.007481803319854362]","[0.048475816200770724,0.015016868831483619,0.06555894731723146,0.09209802111003362,0.19441257670102924,0.27876894774821626,0.1533983483262477,0.13562412074089447,0.016646353024092862]","[0.04276778237658897,0.004638518193908739,0.06172605267537906,0.12717216017617727,0.20713021396065803,0.3087386621657464,0.1238023627652265,0.11654244436646059,0.007481803319854362]"
15-1471,15-1471::Follow Up 1->Follow Up 2,"[0.0135360962566844,0.0033422459893048,0.026403743315508,0.0101938502673796,0.0621657754010695,0.4094251336898396,0.222927807486631,0.2469919786096256,0.0050133689839572]","[0.0161821173889193,0.0054854635216675,0.0858475041140976,0.0880416895227646,0.3381788261108063,0.3664289632473944,0.044157981349424,0.0422380691168403,0.0134393856280855]","[0.017045137860746365,0.00440969600129054,0.07328784250376248,0.08569004017513235,0.33388046864289306,0.3665961968417124,0.05748415363846011,0.046399561102348566,0.015206903233654168]","[0.03444552110319064,0.012930574192213495,0.06534241723147509,0.06243106872706477,0.29303416359045925,0.3225990709570054,0.11249505813721279,0.07287489278103905,0.023847233280339584]","[0.017045137860746365,0.00440969600129054,0.07328784250376248,0.08569004017513235,0.33388046864289306,0.3665961968417124,0.05748415363846011,0.046399561102348566,0.015206903233654168]"
15-1471,15-1471::Follow Up 2->Follow Up 3,"[0.0189001341299841,0.0030484087306426,0.0240214607974637,0.0040238995244482,0.0464577490549933,0.3765394464089746,0.2671625411535179,0.2515546884526278,0.0082916717473478]","[0.0135360962566844,0.0033422459893048,0.026403743315508,0.0101938502673796,0.0621657754010695,0.4094251336898396,0.222927807486631,0.2469919786096256,0.0050133689839572]","[0.014399116728511458,0.0022664784689278377,0.013844081705172836,0.007842200919747314,0.05786741793315608,0.4095923672841575,0.2362539797756671,0.2511534705951339,0.00678088658952586]","[0.021208694624677737,0.0012856257452064114,0.014272695186031296,0.011635266035481328,0.06651584424662968,0.3589194387054406,0.25193813261091097,0.2617113316671558,0.012512971178466068]","[0.014399116728511458,0.0022664784689278377,0.013844081705172836,0.007842200919747314,0.05786741793315608,0.4095923672841575,0.2362539797756671,0.2511534705951339,0.00678088658952586]"
15-1471,15-1471::Follow Up 3->Follow Up 4,"[0.0267036334452064,0.0033561943674303,0.1002480665402013,0.1723332846928352,0.1962644097475558,0.3796877280023347,0.0672698088428425,0.046257113672844,0.0078797606887494]","[0.0189001341299841,0.0030484087306426,0.0240214607974637,0.0040238995244482,0.0464577490549933,0.3765394464089746,0.2671625411535179,0.2515546884526278,0.0082916717473478]","[0.019763154601811155,0.001972641210265637,0.011461799187128537,0.0016722501768159114,0.042159391587079875,0.3767066800032924,0.280488713442554,0.25571618043813604,0.01005918935291646]","[0.025980502193648138,0.0016234265065078746,0.01641938730624576,0.007787493839160104,0.05607905141024183,0.3357689934899554,0.28048919926758287,0.2606390880324945,0.015212857954163505]","[0.019763154601811155,0.001972641210265637,0.011461799187128537,0.0016722501768159114,0.042159391587079875,0.3767066800032924,0.280488713442554,0.25571618043813604,0.01005918935291646]"
16-2006,16-2006::Baseline->Follow Up 1,"[0.0545600427921904,0.0200588392618347,0.1385397165017384,0.0042792190425247,0.287510029419631,0.3179994650976197,0.053757689221717,0.1064455736828029,0.0168494249799411]","[0.0567214974475326,0.0249574588769143,0.1216676120249574,0.0283607487237663,0.3357912648893931,0.2470221213840045,0.0493477027793533,0.1213840045377197,0.0147475893363584]","[0.0575314992237804,0.023517599705644633,0.1099396213412108,0.02665630863559723,0.3332801327336912,0.2487360625141766,0.06027409118352989,0.1234789084654503,0.016585776196918985]","[0.07593838192525254,0.02744363337486975,0.101487485853891,0.023175258199553538,0.2951470449713003,0.22902149418413753,0.0887638609274726,0.13387262759900853,0.025150212964514296]","[0.0575314992237804,0.023517599705644633,0.1099396213412108,0.02665630863559723,0.3332801327336912,0.2487360625141766,0.06027409118352989,0.1234789084654503,0.016585776196918985]"
16-2006,16-2006::Follow Up 1->Follow Up 2,"[0.0586370839936608,0.0779714738510301,0.0640253565768621,0.0012678288431061,0.1122028526148969,0.2123613312202852,0.2152139461172741,0.2446909667194928,0.0136291600633914]","[0.0545600427921904,0.0200588392618347,0.1385397165017384,0.0042792190425247,0.287510029419631,0.3179994650976197,0.053757689221717,0.1064455736828029,0.0168494249799411]","[0.05537004456843817,0.018618980090565024,0.12681172581799174,0.002574778954355623,0.28499889726392896,0.3197134062277917,0.06468407762589357,0.10854047761053344,0.018687611840501675]","[0.074066753483647,0.019619379917427748,0.1124172812067808,0.009230041748847001,0.25291019707352835,0.2850806482519149,0.10017029866025615,0.12096956295722718,0.025535836700370913]","[0.05537004456843817,0.018618980090565024,0.12681172581799174,0.002574778954355623,0.28499889726392896,0.3197134062277917,0.06468407762589357,0.10854047761053344,0.018687611840501675]"
16-2006,16-2006::Follow Up 2->Follow Up 3,"[0.082051282051282,0.0615384615384615,0.1025641025641025,0.0,0.1709401709401709,0.1774358974358974,0.2044444444444444,0.1852991452991453,0.0157264957264957]","[0.0586370839936608,0.0779714738510301,0.0640253565768621,0.0012678288431061,0.1122028526148969,0.2123613312202852,0.2152139461172741,0.2446909667194928,0.0136291600633914]","[0.05942114183119062,0.07649821469899563,0.0522745422401429,0.0,0.109643848721891,0.21398184547048554,0.22604164219861436,0.24667816818508234,0.01546059665359764]","[0.0650652517551709,0.06927184510467033,0.05893281703494225,0.009276376709098689,0.11850501199573739,0.21113758707448566,0.21282710200662133,0.23505431761698486,0.019929690702288685]","[0.05942114183119062,0.07649821469899563,0.0522745422401429,0.0,0.109643848721891,0.21398184547048554,0.22604164219861436,0.24667816818508234,0.01546059665359764]"
16-2006,16-2006::Follow Up 3->Follow Up 4,"[0.0472994068061192,0.0622853574773649,0.0569778332812987,0.0006244146113019,0.1258195441773337,0.1495472994068061,0.2677177645956915,0.2805182641273805,0.009210115516703]","[0.082051282051282,0.0615384615384615,0.1025641025641025,0.0,0.1709401709401709,0.1774358974358974,0.2044444444444444,0.1852991452991453,0.0157264957264957]","[0.08272029204566211,0.05999634219640877,0.09068155061023844,0.0,0.1681424500520772,0.1788450079649251,0.21500437077993215,0.18707519077222184,0.01753479557853438]","[0.09158039486667607,0.05901050583457066,0.09541804236014852,0.007823766880134723,0.16703561684903848,0.17911006820594783,0.19815995115012924,0.17791586235492132,0.023945791498433087]","[0.08272029204566211,0.05999634219640877,0.09068155061023844,0.0,0.1681424500520772,0.1788450079649251,0.21500437077993215,0.18707519077222184,0.01753479557853438]"
17-2631,17-2631::Baseline->Follow Up 1,"[0.1986607142857143,0.0658482142857143,0.2354910714285714,0.0022321428571428,0.1819196428571428,0.0591517857142857,0.0647321428571428,0.0892857142857143,0.1026785714285714]","[0.3641868512110726,0.0389273356401384,0.291522491349481,0.0008650519031141,0.1046712802768166,0.0475778546712802,0.0432525951557093,0.102076124567474,0.0069204152249134]","[0.36500982944657256,0.037499696850338694,0.2799419016337828,0.0,0.09961280554394578,0.048171815246544465,0.0554981369858791,0.10574500940043052,0.008520804892506093]","[0.36341276276882906,0.04923945186310506,0.2788485171070106,0.007085087985627865,0.10888248030773882,0.03075382487638824,0.04105845749578733,0.10496343282515781,0.015755984770355298]","[0.36500982944657256,0.037499696850338694,0.2799419016337828,0.0,0.09961280554394578,0.048171815246544465,0.0554981369858791,0.10574500940043052,0.008520804892506093]"
17-2631,17-2631::Follow Up 1->Follow Up 2,"[0.2110091743119266,0.0837155963302752,0.1846330275229357,0.0022935779816513,0.2052752293577981,0.0860091743119266,0.1020642201834862,0.0561926605504587,0.0688073394495412]","[0.1986607142857143,0.0658482142857143,0.2354910714285714,0.0022321428571428,0.1819196428571428,0.0591517857142857,0.0647321428571428,0.0892857142857143,0.1026785714285714]","[0.19991439673550157,0.0644648243795472,0.22424080749333802,0.00018711118487997272,0.17697870921956196,0.059802588056984046,0.07704317136618137,0.09307937609045173,0.10428901547355414]","[0.20969064880538418,0.06567745655371302,0.2216132826648518,0.0019580292850496376,0.1715997054452479,0.061359711814295614,0.09126007263796505,0.09274259934261024,0.0840984934508824]","[0.19991439673550157,0.0644648243795472,0.22424080749333802,0.00018711118487997272,0.17697870921956196,0.059802588056984046,0.07704317136618137,0.09307937609045173,0.10428901547355414]"
17-2631,17-2631::Follow Up 2->Follow Up 3,"[0.3051498847040738,0.0714834742505764,0.186010760953113,0.0122982321291314,0.1644888547271329,0.0653343581860107,0.0983858570330515,0.0722521137586472,0.0245964642582628]","[0.2110091743119266,0.0837155963302752,0.1846330275229357,0.0022935779816513,0.2052752293577981,0.0860091743119266,0.1020642201834862,0.0561926605504587,0.0688073394495412]","[0.2122628567617139,0.08233220642410813,0.17338276358770235,0.0002485463093884725,0.20033429572021733,0.08665997665462498,0.11437524869252481,0.05998632235519615,0.07041778349452395]","[0.21971002615797833,0.08259189596334517,0.17564673922945886,0.0017601675446355272,0.18901473171964725,0.08801170227909902,0.12154346625294174,0.06009789861548811,0.06162337223740615]","[0.2122628567617139,0.08233220642410813,0.17338276358770235,0.0002485463093884725,0.20033429572021733,0.08665997665462498,0.11437524869252481,0.05998632235519615,0.07041778349452395]"
17-2796,17-2796::Baseline->Follow Up 1,"[0.1625806451612903,0.0354838709677419,0.2780645161290322,0.0374193548387096,0.2529032258064516,0.1283870967741935,0.0283870967741935,0.0277419354838709,0.0490322580645161]","[0.1654247391952309,0.0089418777943368,0.3062593144560357,0.1602086438152012,0.2578241430700447,0.0655737704918032,0.0096870342771982,0.018628912071535,0.007451564828614]","[0.1654247391952309,0.0089418777943368,0.3062593144560357,0.1602086438152012,0.2578241430700447,0.0655737704918032,0.0096870342771982,0.018628912071535,0.007451564828614]","[0.1608423377481042,0.03321977059906161,0.28208062059834227,0.1196088738259371,0.2455811648047953,0.07402150734783794,0.026211887368176583,0.03833026092880756,0.020103576778937454]","[0.1654247391952309,0.0089418777943368,0.3062593144560357,0.1602086438152012,0.2578241430700447,0.0655737704918032,0.0096870342771982,0.018628912071535,0.007451564828614]"
17-2796,17-2796::Follow Up 1->Follow Up 2,"[0.1226666666666666,0.0266666666666666,0.2683636363636364,0.047030303030303,0.2690909090909091,0.1355151515151515,0.0298181818181818,0.0412121212121212,0.0596363636363636]","[0.1625806451612903,0.0354838709677419,0.2780645161290322,0.0374193548387096,0.2529032258064516,0.1283870967741935,0.0283870967741935,0.0277419354838709,0.0490322580645161]","[0.1625806451612903,0.0354838709677419,0.2780645161290322,0.0374193548387096,0.2529032258064516,0.1283870967741935,0.0283870967741935,0.0277419354838709,0.0490322580645161]","[0.17128308707992546,0.045366087707678915,0.2484313252473449,0.03001900164853503,0.2296333971944826,0.12159360074107817,0.06144722583493101,0.04269330762637612,0.04953296691964777]","[0.1625806451612903,0.0354838709677419,0.2780645161290322,0.0374193548387096,0.2529032258064516,0.1283870967741935,0.0283870967741935,0.0277419354838709,0.0490322580645161]"
17-2796,17-2796::Follow Up 2->Follow Up 3,"[0.1382228490832158,0.0278561354019746,0.327574047954866,0.0454866008462623,0.2732722143864598,0.0849788434414668,0.0250352609308885,0.020098730606488,0.057475317348378]","[0.1226666666666666,0.0266666666666666,0.2683636363636364,0.047030303030303,0.2690909090909091,0.1355151515151515,0.0298181818181818,0.0412121212121212,0.0596363636363636]","[0.1226666666666666,0.0266666666666666,0.2683636363636364,0.047030303030303,0.2690909090909091,0.1355151515151515,0.0298181818181818,0.0412121212121212,0.0596363636363636]","[0.13385075563243692,0.037065518075983,0.23841497470123862,0.03655358282049664,0.2435871703718956,0.13141034890564543,0.06586478160477913,0.056531890556092625,0.05672097733143193]","[0.1226666666666666,0.0266666666666666,0.2683636363636364,0.047030303030303,0.2690909090909091,0.1355151515151515,0.0298181818181818,0.0412121212121212,0.0596363636363636]"
17-2796,17-2796::Follow Up 3->Follow Up 4,"[0.2536496350364963,0.0282846715328467,0.281934306569343,0.000912408759124,0.2484793187347931,0.0751216545012165,0.0577858880778588,0.0483576642335766,0.0054744525547445]","[0.1382228490832158,0.0278561354019746,0.327574047954866,0.0454866008462623,0.2732722143864598,0.0849788434414668,0.0250352609308885,0.020098730606488,0.057475317348378]","[0.1382228490832158,0.0278561354019746,0.327574047954866,0.0454866008462623,0.2732722143864598,0.0849788434414668,0.0250352609308885,0.020098730606488,0.057475317348378]","[0.14861334041913243,0.04140661268482778,0.29258874226150977,0.036389825478384666,0.25005256750516225,0.08736651081195762,0.052895780233144805,0.03405469657336285,0.05663192403251786]","[0.1382228490832158,0.0278561354019746,0.327574047954866,0.0454866008462623,0.2732722143864598,0.0849788434414668,0.0250352609308885,0.020098730606488,0.057475317348378]"
17-2864,17-2864::Baseline->Follow Up 1,"[0.1318770226537217,0.0898058252427184,0.0849514563106796,0.0024271844660194,0.1771844660194175,0.0695792880258899,0.2030744336569579,0.1707119741100324,0.0703883495145631]","[0.1285488958990536,0.0417981072555205,0.1829652996845426,0.002365930599369,0.2807570977917981,0.0694006309148265,0.1490536277602523,0.1340694006309148,0.0110410094637223]","[0.12859237080901112,0.040640751716977584,0.1715379281230258,0.0004424163135438911,0.27704010275067803,0.07013042259253205,0.16144851333587848,0.13794035015184972,0.012227144206503417]","[0.13965635182010788,0.0489980907099523,0.17679052116705546,0.0054271657447947635,0.26211360288374663,0.08464030445522469,0.1317513887205255,0.12967579152867795,0.020946782969914896]","[0.12859237080901112,0.040640751716977584,0.1715379281230258,0.0004424163135438911,0.27704010275067803,0.07013042259253205,0.16144851333587848,0.13794035015184972,0.012227144206503417]"
17-2864,17-2864::Follow Up 1->Follow Up 2,"[0.2025912838633686,0.0506478209658421,0.1083627797408716,0.0023557126030624,0.2096584216725559,0.07773851590106,0.182567726737338,0.0918727915194346,0.0742049469964664]","[0.1318770226537217,0.0898058252427184,0.0849514563106796,0.0024271844660194,0.1771844660194175,0.0695792880258899,0.2030744336569579,0.1707119741100324,0.0703883495145631]","[0.13192049756367918,0.08864846970417549,0.07352408474916272,0.0005036701801942907,0.17346747097829737,0.07030907970359544,0.21546931923258406,0.17458292363096728,0.07157448425734422]","[0.13884515693036856,0.08547092189988716,0.09137622359690165,0.002020749749493193,0.173257163466424,0.09104082383992847,0.1968902149284315,0.16148390255323006,0.059614843035335374]","[0.13192049756367918,0.08864846970417549,0.07352408474916272,0.0005036701801942907,0.17346747097829737,0.07030907970359544,0.21546931923258406,0.17458292363096728,0.07157448425734422]"
17-2865,17-2865::Baseline->Follow Up 2,"[0.1065197428833792,0.0964187327823691,0.1432506887052342,0.0036730945821854,0.2874196510560147,0.1129476584022038,0.0486685032139577,0.1441689623507805,0.0569329660238751]","[0.1502347417840375,0.0375586854460093,0.1666666666666666,0.1032863849765258,0.2769953051643192,0.1291079812206572,0.0187793427230046,0.1173708920187793,0.0]","[0.1502347417840375,0.0375586854460093,0.1666666666666666,0.1032863849765258,0.2769953051643192,0.1291079812206572,0.0187793427230046,0.1173708920187793,0.0]","[0.15900728554547602,0.038859032776133576,0.14668261984757894,0.07152439656936596,0.22989275841396853,0.15145071515807645,0.06897003638437658,0.13298836279811446,0.0006247925069095416]","[0.1502347417840375,0.0375586854460093,0.1666666666666666,0.1032863849765258,0.2769953051643192,0.1291079812206572,0.0187793427230046,0.1173708920187793,0.0]"
17-2865,17-2865::Follow Up 2->Follow Up 3,"[0.2132442284325638,0.0777642770352369,0.1154313487241798,0.0006075334143377,0.2381530984204131,0.1087484811664641,0.0862697448359659,0.1239368165249088,0.0358444714459295]","[0.1065197428833792,0.0964187327823691,0.1432506887052342,0.0036730945821854,0.2874196510560147,0.1129476584022038,0.0486685032139577,0.1441689623507805,0.0569329660238751]","[0.1065197428833792,0.0964187327823691,0.1432506887052342,0.0036730945821854,0.2874196510560147,0.1129476584022038,0.0486685032139577,0.1441689623507805,0.0569329660238751]","[0.11767498881714167,0.0892339542483159,0.12713674454350024,0.0022673598020948966,0.25375689389710226,0.11840188029405208,0.08858661490566913,0.15091494162077784,0.05202662187134603]","[0.1065197428833792,0.0964187327823691,0.1432506887052342,0.0036730945821854,0.2874196510560147,0.1129476584022038,0.0486685032139577,0.1441689623507805,0.0569329660238751]"
17-3017,17-3017::Baseline->Follow Up 1,"[0.2074592074592074,0.1515151515151515,0.2237762237762237,0.0,0.1538461538461538,0.1212121212121212,0.0489510489510489,0.0722610722610722,0.0209790209790209]","[0.2618296529968454,0.1324921135646687,0.1703470031545741,0.0,0.1577287066246056,0.1167192429022082,0.0788643533123028,0.0820189274447949,0.0]","[0.2629806176346889,0.13135428678161057,0.15788535760205902,0.0,0.15178522652426063,0.11730449274452116,0.09167962812160493,0.08547841055990268,0.001531980031351999]","[0.2608390858156555,0.12405235145171556,0.15676618269070403,0.003818544027613726,0.1465798081271741,0.10897368589398175,0.10019710710017887,0.08648886534265206,0.012284369550324414]","[0.2629806176346889,0.13135428678161057,0.15788535760205902,0.0,0.15178522652426063,0.11730449274452116,0.09167962812160493,0.08547841055990268,0.001531980031351999]"
17-3017,17-3017::Follow Up 1->Follow Up 2,"[0.1434599156118143,0.1392405063291139,0.1265822784810126,0.0,0.1772151898734177,0.1012658227848101,0.1265822784810126,0.1265822784810126,0.0590717299578059]","[0.2074592074592074,0.1515151515151515,0.2237762237762237,0.0,0.1538461538461538,0.1212121212121212,0.0489510489510489,0.0722610722610722,0.0209790209790209]","[0.2087164702368093,0.15034013332182092,0.21121012024649957,0.0,0.14791026441632446,0.12178858715351557,0.06182480642636901,0.07573963268635843,0.022469985512302778]","[0.20990083534937776,0.1386338191546414,0.1990003213433919,0.0047074068868284144,0.14369754518269828,0.11553396235359702,0.08386971624094125,0.0789320268003516,0.02572436668817239]","[0.2087164702368093,0.15034013332182092,0.21121012024649957,0.0,0.14791026441632446,0.12178858715351557,0.06182480642636901,0.07573963268635843,0.022469985512302778]"
17-3017,17-3017::Follow Up 2->Follow Up 3,"[0.1315873522836154,0.0887895241137017,0.1245608431810923,0.0003193867773874,0.331523474928138,0.1098690514212711,0.0824017885659533,0.0581283934845097,0.0728201852443308]","[0.1434599156118143,0.1392405063291139,0.1265822784810126,0.0,0.1772151898734177,0.1012658227848101,0.1265822784810126,0.1265822784810126,0.0590717299578059]","[0.14484230161770606,0.13808948595181308,0.11420619611956272,0.0,0.17123361229383935,0.10188128517725284,0.13930426130735593,0.12995463703295554,0.060488220499514606]","[0.15217028123412168,0.12581105794437367,0.11664235850990377,0.0016097941034021576,0.16359610317636394,0.11105722531721213,0.15150362206667609,0.12513526741512618,0.052474290232820436]","[0.14484230161770606,0.13808948595181308,0.11420619611956272,0.0,0.17123361229383935,0.10188128517725284,0.13930426130735593,0.12995463703295554,0.060488220499514606]"
17-3017,17-3017::Follow Up 3->Follow Up 4,"[0.1590909090909091,0.1088516746411483,0.1519138755980861,0.0,0.2894736842105264,0.1172248803827751,0.0717703349282296,0.0741626794258373,0.027511961722488]","[0.1315873522836154,0.0887895241137017,0.1245608431810923,0.0003193867773874,0.331523474928138,0.1098690514212711,0.0824017885659533,0.0581283934845097,0.0728201852443308]","[0.13303535666987823,0.08776511525754016,0.11222448581253433,0.0,0.32534392092339676,0.1105029180518503,0.09524050652235579,0.06165423736520074,0.07423345939724386]","[0.1509859829100219,0.08469075677416527,0.11183434967147479,0.0,0.2838191546121971,0.1159748535011044,0.1205882066029087,0.0660289691322662,0.0660777267958616]","[0.13303535666987823,0.08776511525754016,0.11222448581253433,0.0,0.32534392092339676,0.1105029180518503,0.09524050652235579,0.06165423736520074,0.07423345939724386]"
17-3041,17-3041::Baseline->Follow Up 1,"[0.1288135593220339,0.0271186440677966,0.0796610169491525,0.0050847457627118,0.188135593220339,0.1864406779661017,0.2389830508474576,0.0508474576271186,0.0949152542372881]","[0.0985915492957746,0.0545774647887324,0.1971830985915493,0.0880281690140845,0.2183098591549296,0.1919014084507042,0.073943661971831,0.0299295774647887,0.0475352112676056]","[0.09867371838335451,0.05357152550357848,0.18584117085840923,0.08564331228706662,0.21391968528058622,0.19356504986549658,0.08643928133563876,0.033532811406589896,0.04881344507927961]","[0.10436573273071036,0.059347254888481735,0.1818684184206235,0.06329559739658562,0.20361170628251518,0.19046831879729356,0.10793482171859242,0.0461503420197915,0.042957807745406126]","[0.09867371838335451,0.05357152550357848,0.18584117085840923,0.08564331228706662,0.21391968528058622,0.19356504986549658,0.08643928133563876,0.033532811406589896,0.04881344507927961]"
17-3041,17-3041::Follow Up 1->Follow Up 2,"[0.1956989247311828,0.0688172043010752,0.2,0.0516129032258064,0.2021505376344086,0.1720430107526881,0.0580645161290322,0.0150537634408602,0.0365591397849462]","[0.1288135593220339,0.0271186440677966,0.0796610169491525,0.0050847457627118,0.188135593220339,0.1864406779661017,0.2389830508474576,0.0508474576271186,0.0949152542372881]","[0.12889572840961383,0.026112704782642684,0.06831908921601243,0.0026998890356939166,0.18374541934599564,0.18810431938089414,0.2514786702112654,0.05445069156891981,0.09619348804896213]","[0.1413876166546455,0.03037654891170307,0.08188885583974297,0.0016926442556245195,0.1744403058062589,0.18839731778995006,0.2494432735483693,0.05240558537931492,0.07996785181439081]","[0.12889572840961383,0.026112704782642684,0.06831908921601243,0.0026998890356939166,0.18374541934599564,0.18810431938089414,0.2514786702112654,0.05445069156891981,0.09619348804896213]"
17-3041,17-3041::Follow Up 2->Follow Up 3,"[0.1684210526315789,0.0456140350877193,0.1017543859649122,0.1368421052631579,0.2175438596491228,0.0982456140350877,0.1087719298245614,0.0210526315789473,0.1017543859649122]","[0.1956989247311828,0.0688172043010752,0.2,0.0516129032258064,0.2021505376344086,0.1720430107526881,0.0580645161290322,0.0150537634408602,0.0365591397849462]","[0.19578109381876277,0.06781126501592129,0.18865807226686,0.049228046498788536,0.19776036376006528,0.17370665216748052,0.07056013549283997,0.018656997382661397,0.03783737359662022]","[0.19840088286850413,0.07176541913623342,0.1853112348950369,0.03635021010653418,0.1859792189252116,0.1623863248454189,0.09251417756316732,0.03056939719678459,0.036723134463109056]","[0.19578109381876277,0.06781126501592129,0.18865807226686,0.049228046498788536,0.19776036376006528,0.17370665216748052,0.07056013549283997,0.018656997382661397,0.03783737359662022]"
18-3253,18-3253::Baseline->Follow Up 1,"[0.1334768568353067,0.1173304628632938,0.138858988159311,0.0010764262648008,0.1646932185145317,0.138858988159311,0.131324004305705,0.0699677072120559,0.1044133476856835]","[0.198768689533861,0.0518909410729991,0.2330694810905893,0.0,0.1116974494283201,0.2058047493403694,0.1108179419525066,0.0729991204925242,0.0149516270888302]","[0.200551867990833,0.051005485082496915,0.22211196895130447,0.0,0.10676805333582257,0.20563280267158937,0.12214851636288311,0.07638316582644285,0.015398139778627725]","[0.20253948770409347,0.05334715598388905,0.21310267320519533,0.010039217214725202,0.11244482330207589,0.18330891894441226,0.12551566455795718,0.08038631614481972,0.019315742942831962]","[0.200551867990833,0.051005485082496915,0.22211196895130447,0.0,0.10676805333582257,0.20563280267158937,0.12214851636288311,0.07638316582644285,0.015398139778627725]"
18-3253,18-3253::Follow Up 1->Follow Up 2,"[0.0964581763376036,0.0572720422004521,0.0723436322532027,0.0007535795026375,0.1175584024114544,0.1620195930670685,0.2727957799547852,0.0504898266767143,0.1703089675960813]","[0.1334768568353067,0.1173304628632938,0.138858988159311,0.0010764262648008,0.1646932185145317,0.138858988159311,0.131324004305705,0.0699677072120559,0.1044133476856835]","[0.1355339174774704,0.11644153464099279,0.1282243208871385,0.0,0.15983141223168876,0.138967862216448,0.14276766812360578,0.07343660203833541,0.10479668238432054]","[0.1492727463876336,0.10703243268031132,0.13247618742555659,0.0016488541314012453,0.15644239609060828,0.13791625041103997,0.16406370219555852,0.07166353567860541,0.07948389499928522]","[0.1355339174774704,0.11644153464099279,0.1282243208871385,0.0,0.15983141223168876,0.138967862216448,0.14276766812360578,0.07343660203833541,0.10479668238432054]"
18-3253,18-3253::Follow Up 2->Follow Up 3,"[0.086895585143658,0.0490539593552908,0.0756832515767344,0.0007007708479327,0.102312543798178,0.2859145059565522,0.2676944639103013,0.0679747722494744,0.063770147161878]","[0.0964581763376036,0.0572720422004521,0.0723436322532027,0.0007535795026375,0.1175584024114544,0.1620195930670685,0.2727957799547852,0.0504898266767143,0.1703089675960813]","[0.09851645475240776,0.056418446407110134,0.06174833334178248,0.0,0.11270225476259947,0.1620555513540949,0.2840217347112682,0.05395867748702453,0.17057854718371263]","[0.12110176095553275,0.05457204440772683,0.08615090255615239,0.001581616176139844,0.12176372060614035,0.16416420336931004,0.2838274335949095,0.04341870607951896,0.12341961225456939]","[0.09851645475240776,0.056418446407110134,0.06174833334178248,0.0,0.11270225476259947,0.1620555513540949,0.2840217347112682,0.05395867748702453,0.17057854718371263]"
18-3253,18-3253::Follow Up 3->Follow Up 4,"[0.0402379286214135,0.0178446466060181,0.036738978306508,0.0010496850944716,0.142407277816655,0.2697690692792162,0.258922323303009,0.0752274317704688,0.1578026592022393]","[0.086895585143658,0.0490539593552908,0.0756832515767344,0.0007007708479327,0.102312543798178,0.2859145059565522,0.2676944639103013,0.0679747722494744,0.063770147161878]","[0.08896077535621215,0.04820779332676346,0.0650804674686756,0.0,0.09746975566558516,0.28578504685923,0.27891189791369086,0.07141863851417914,0.0641656248956637]","[0.10141459886869668,0.04644941681472741,0.07715971769926384,0.008699817890410423,0.10403978984100891,0.2695198076693755,0.27406712990877474,0.06865532965825989,0.04999439164948271]","[0.08896077535621215,0.04820779332676346,0.0650804674686756,0.0,0.09746975566558516,0.28578504685923,0.27891189791369086,0.07141863851417914,0.0641656248956637]"
18-3282,18-3282::Baseline->Follow Up 1,"[0.031833910034602,0.017993079584775,0.0975778546712802,0.0546712802768166,0.2401384083044982,0.3335640138408304,0.101038062283737,0.0719723183391003,0.0512110726643598]","[0.0524475524475524,0.0209790209790209,0.0804195804195804,0.1118881118881118,0.2255244755244755,0.2972027972027972,0.1083916083916083,0.0944055944055944,0.0087412587412587]","[0.05268359709839731,0.019825871927614216,0.06773504688338246,0.10990643079711729,0.22086083942051896,0.2987811087917237,0.12158244557440812,0.09821084804181815,0.010413811465019794]","[0.057724096243659845,0.026194628387123567,0.06867262846943221,0.08163838450171887,0.20481886350197576,0.2788195835198009,0.14872370416210914,0.11632621245387778,0.017081898760301847]","[0.05268359709839731,0.019825871927614216,0.06773504688338246,0.10990643079711729,0.22086083942051896,0.2987811087917237,0.12158244557440812,0.09821084804181815,0.010413811465019794]"
18-3282,18-3282::Follow Up 1->Follow Up 2,"[0.037328094302554,0.0117878192534381,0.0805500982318271,0.0707269155206286,0.275049115913556,0.3516699410609037,0.0825147347740668,0.0726915520628683,0.0176817288801571]","[0.031833910034602,0.017993079584775,0.0975778546712802,0.0546712802768166,0.2401384083044982,0.3335640138408304,0.101038062283737,0.0719723183391003,0.0512110726643598]","[0.03206995468544691,0.016839930533368318,0.08489332113508227,0.052689599185822056,0.2354747722005417,0.33514232542975697,0.11422889946653683,0.07577757197532405,0.052883625388120914]","[0.0460537461981629,0.01918506107512153,0.07873325306242525,0.04067457118762,0.21032065696128552,0.30621914582100696,0.15669555909684268,0.0947507634628009,0.04736724313473427]","[0.03206995468544691,0.016839930533368318,0.08489332113508227,0.052689599185822056,0.2354747722005417,0.33514232542975697,0.11422889946653683,0.07577757197532405,0.052883625388120914]"
18-3282,18-3282::Follow Up 2->Follow Up 3,"[0.0787620064034151,0.0631803628601921,0.0838847385272145,0.0004268943436499,0.1084311632870864,0.2892209178228389,0.2448239060832444,0.1227321237993596,0.0085378868729989]","[0.037328094302554,0.0117878192534381,0.0805500982318271,0.0707269155206286,0.275049115913556,0.3516699410609037,0.0825147347740668,0.0726915520628683,0.0176817288801571]","[0.037564138953398905,0.010634670202031411,0.06786556469562915,0.06874523442963405,0.2703854798095995,0.35324825264983023,0.09570557195686659,0.07649680569909204,0.019354281603918194]","[0.04970596101590205,0.015388590027766897,0.061706118692305564,0.052081973591363864,0.2379039703607776,0.32014612772891954,0.1390397809301286,0.09969439567624182,0.02433308197659411]","[0.037564138953398905,0.010634670202031411,0.06786556469562915,0.06874523442963405,0.2703854798095995,0.35324825264983023,0.09570557195686659,0.07649680569909204,0.019354281603918194]"
18-3282,18-3282::Follow Up 3->Follow Up 4,"[0.1055867884750527,0.0270555165144061,0.1199929725931131,0.1143710470836261,0.2501756851721715,0.2145115952213633,0.0799367533380182,0.067111735769501,0.0212579058327477]","[0.0787620064034151,0.0631803628601921,0.0838847385272145,0.0004268943436499,0.1084311632870864,0.2892209178228389,0.2448239060832444,0.1227321237993596,0.0085378868729989]","[0.0788754166018362,0.06193092442823361,0.07108967570535682,0.0,0.10360644126131713,0.29034780049942815,0.2576142081093481,0.1263409442098788,0.010194589184601147]","[0.08394688171394517,0.05870138781007443,0.07369110532583219,0.008395127407226418,0.10707922579646181,0.27325360593749365,0.2519647252259533,0.12589882675804717,0.01706911402496574]","[0.0788754166018362,0.06193092442823361,0.07108967570535682,0.0,0.10360644126131713,0.29034780049942815,0.2576142081093481,0.1263409442098788,0.010194589184601147]"
18-3313,18-3313::Baseline->Follow Up 1,"[0.0713495575221239,0.0519911504424778,0.055862831858407,0.0011061946902654,0.1283185840707964,0.1310840707964601,0.3478982300884956,0.1698008849557522,0.0425884955752212]","[0.1869488536155202,0.0723104056437389,0.0776014109347442,0.0626102292768959,0.1869488536155202,0.1402116402116402,0.1243386243386243,0.1102292768959435,0.0388007054673721]","[0.18912984159595458,0.07169084121703885,0.0658889594074589,0.061235612270047535,0.18337410565514198,0.14109920964143904,0.13381156360058194,0.11325137793269285,0.0405184886796444]","[0.1945918368580884,0.07388536303919055,0.08424443484339336,0.04394214216364634,0.179594799505833,0.14369541776904654,0.129908195366208,0.1119558072042905,0.03818200325030333]","[0.18912984159595458,0.07169084121703885,0.0658889594074589,0.061235612270047535,0.18337410565514198,0.14109920964143904,0.13381156360058194,0.11325137793269285,0.0405184886796444]"
18-3313,18-3313::Follow Up 1->Follow Up 2,"[0.0604070912672357,0.041365725541694,0.0499015101772816,0.051871306631648,0.2140512147078135,0.1687458962573867,0.1050558108995403,0.1175311884438608,0.191070256073539]","[0.0713495575221239,0.0519911504424778,0.055862831858407,0.0011061946902654,0.1283185840707964,0.1310840707964601,0.3478982300884956,0.1698008849557522,0.0425884955752212]","[0.07351081355968861,0.051357800436010084,0.04413853256396029,0.0,0.12471036106639881,0.1319362255989424,0.3572752686951723,0.17277660889489063,0.044294389184936854]","[0.08417682548184108,0.05429362213602595,0.0677993764224322,0.00618786208068856,0.13681883259004624,0.15333513814014466,0.3072016290512072,0.15168363627416775,0.03850307782344638]","[0.07351081355968861,0.051357800436010084,0.04413853256396029,0.0,0.12471036106639881,0.1319362255989424,0.3572752686951723,0.17277660889489063,0.044294389184936854]"
18-3313,18-3313::Follow Up 2->Follow Up 3,"[0.0259082787373436,0.0208457415128052,0.0229303156640857,0.0002977963073257,0.0964860035735556,0.1319237641453245,0.4916617033948778,0.1652769505658129,0.0446694460988683]","[0.0604070912672357,0.041365725541694,0.0499015101772816,0.051871306631648,0.2140512147078135,0.1687458962573867,0.1050558108995403,0.1175311884438608,0.191070256073539]","[0.06258807924767,0.04074616111499393,0.03818905864999628,0.05049668962479962,0.21047646674743525,0.16963346568718554,0.11452875016149791,0.12055328948061014,0.19278803928581137]","[0.09405147457220911,0.038821693520560405,0.06070885416545735,0.03240050400941421,0.20779923233620817,0.18071607378358084,0.11996805483653541,0.11753311373854711,0.14800099903748742]","[0.06258807924767,0.04074616111499393,0.03818905864999628,0.05049668962479962,0.21047646674743525,0.16963346568718554,0.11452875016149791,0.12055328948061014,0.19278803928581137]"
608,608::Baseline->Follow Up 1,"[0.078125,0.0078125,0.09375,0.0,0.15625,0.21875,0.359375,0.046875,0.0390625]","[0.1583880037488285,0.2263355201499531,0.148078725398313,0.0009372071227741,0.1776007497656982,0.0895032802249297,0.1223055295220243,0.0702905342080599,0.0065604498594189]","[0.15884002815279094,0.22592079377733706,0.1347693017603628,0.0,0.17238905434572552,0.09008769208969832,0.13582306633093452,0.07408895478285638,0.008081108760294517]","[0.16455630966876905,0.21303153828383953,0.13222369828272362,0.0029048682236610516,0.1664178163157292,0.09901302178760357,0.1343356684958501,0.0721349420504259,0.015382136891397958]","[0.15884002815279094,0.22592079377733706,0.1347693017603628,0.0,0.17238905434572552,0.09008769208969832,0.13582306633093452,0.07408895478285638,0.008081108760294517]"
608,608::Follow Up 1->Follow Up 2,"[0.1785714285714285,0.133777239709443,0.2457627118644067,0.0127118644067796,0.2239709443099273,0.1144067796610169,0.0236077481840193,0.0381355932203389,0.0290556900726392]","[0.078125,0.0078125,0.09375,0.0,0.15625,0.21875,0.359375,0.046875,0.0390625]","[0.07859143294945105,0.0076301752086653405,0.08042483936999167,0.0,0.15092042061576738,0.21898771982176377,0.37228413653246223,0.050651669600891416,0.04050960590100717]","[0.08590384926652803,0.01157864962120152,0.09010779452905393,0.009379964364441946,0.15286095724970755,0.2293861661936477,0.3377962773988141,0.039735441487576406,0.04325089988902883]","[0.07859143294945105,0.0076301752086653405,0.08042483936999167,0.0,0.15092042061576738,0.21898771982176377,0.37228413653246223,0.050651669600891416,0.04050960590100717]"
608,608::Follow Up 2->Follow Up 3,"[0.168359166221272,0.1250668091929449,0.2528059861036879,0.0112239444147514,0.2463923035809727,0.1036878674505612,0.0283270978086584,0.0309994655264564,0.0331373597006948]","[0.1785714285714285,0.133777239709443,0.2457627118644067,0.0127118644067796,0.2239709443099273,0.1144067796610169,0.0236077481840193,0.0381355932203389,0.0290556900726392]","[0.17919776439412996,0.13361043934479822,0.23260118437370303,0.010677254943008049,0.21894842904175602,0.11509005396997983,0.0372743375438825,0.04201531918755614,0.030585217201186232]","[0.1870592526806991,0.1307050654489961,0.21717308319070955,0.010436226018842214,0.20337620653379626,0.10891786028284067,0.05886853489037236,0.050525204287379166,0.032938566666364424]","[0.17919776439412996,0.13361043934479822,0.23260118437370303,0.010677254943008049,0.21894842904175602,0.11509005396997983,0.0372743375438825,0.04201531918755614,0.030585217201186232]"
